title,price,imgUrl
Apple iPhone 13,15.490.000,https://salt.tikicdn.com/cache/280x280/ts/product/b7/ba/88/66059a54a3a139d45841d412379b1fe4.jpg
iPhone 15 Pro Max,31.990.000,https://salt.tikicdn.com/cache/280x280/ts/product/99/86/04/0dc97405d243042a84b2c96768fe0e38.png
Apple iPhone 12,12.650.000,https://salt.tikicdn.com/cache/280x280/ts/product/e0/c9/78/e028f9346e1922b0aadc750f272609c3.jpg
Apple iPhone 11,11.850.000,https://salt.tikicdn.com/cache/280x280/ts/product/a1/cd/ce/e9c165d355b2259c323ac7150479b63e.jpg
Apple iPhone 14,18.490.000,https://salt.tikicdn.com/cache/280x280/ts/product/40/5e/eb/4dcee6ceebbea004a14f212db4182b18.png
Apple iPhone 14 Plus,20.950.000,https://salt.tikicdn.com/cache/280x280/ts/product/e9/81/46/98be0880591d43415fb2c2c886ce752a.png
iPhone 15 Pro 128GB Titan Tự Nhiên,26.990.000,https://salt.tikicdn.com/cache/280x280/ts/product/95/c1/a3/349bf4ef06f8075e184fa7328370a734.png
iPhone 15,20.990.000,https://salt.tikicdn.com/cache/280x280/ts/product/6c/6c/9e/f3464d16a782e0d9ed5f74d98f155642.png
Dây Sạc nhanh cho Iphone PD 20W Type C to IP Hoco X14 dây dù chống đứt chống rối siêu bền truyền dữ liệu dài 1M/2M/3M - Hàng Chính Hãng,97.000,https://salt.tikicdn.com/cache/280x280/ts/product/20/7f/bd/676f4882bfa726e28cec0e6cced0f83f.jpg
iPhone 15 Plus,23.990.000,https://salt.tikicdn.com/cache/280x280/ts/product/6c/6c/9e/a45bc5d76cec3c11c5f8cbcdf9e27929.png
Cáp sạc Baseus Cafule sạc nhanh dùng cho iPhone - Hàng chính hãng,69.000,https://salt.tikicdn.com/cache/280x280/ts/product/78/50/05/d15c3197cd240610f509c25ef6acc012.jpg
Ốp lưng Iphone chống sốc trong suốt có ngăn đựng thẻ dành cho Iphone 11 / Phone 11 Pro / Iphone 11 Pro Max / Iphone 12 / Iphone 12 Pro / Iphone 12 Pro Max / Iphone 13 / Iphone 13 Pro / IPhone 13 Pro Max / Iphone 14/ Iphone 14 Pro / Iphone 14 Pro Max,36.000,https://salt.tikicdn.com/cache/280x280/ts/product/c6/69/15/b51cf1df710d488a4caea32e722b6ff1.png
Dây Cáp Sạc Lightning Cho iPhone Anker PowerLine II 0.9m - A8432H21,230.000,https://salt.tikicdn.com/cache/280x280/media/catalog/producttmp/16/24/1c/dfd319b33991173a82f62d3965b24a27.jpg
Cáp sạc nhanh PD20W truyền dữ liệu Baseus Metal Data Type-C sang iPhone ( 2 size ) - Hàng chính hãng,93.000,https://salt.tikicdn.com/cache/280x280/ts/product/6c/fb/35/7e6e2a172da9b48cdd01864505a64f40.jpg
Cáp Sạc Nhanh ROBOT RCL100 Dành Cho IPHONE/IPAD - Chất Liệu Dây Bện Dù - Chiều Dài 1m - Hàng chính hãng,79.000,https://salt.tikicdn.com/cache/280x280/ts/product/02/0e/5f/dd79a6f3f7f514ebc3edee84c1a6848f.png
Cáp sạc nhanh siêu bền IP 20W Baseus Superior Series Fast Charging Data Cable Type-C to iP PD (480Mbps)-Hỗ trợ sạc nhanh PD 20W dành cho iPhone 12 / PD 18W dành cho iP11/ iP XS Max- Hàng chính hãng,74.000,https://salt.tikicdn.com/cache/280x280/ts/product/a3/f1/0b/400a5608c85579e4e4e25cf7fbe28e22.jpg
Cáp sạc ngắn cho iPhone/iPad/iPod Baseus Nimble 2A 23cm - Hàng Chính Hãng,90.000,https://salt.tikicdn.com/cache/280x280/ts/product/17/72/93/099920c702f839fa91ba5ab107839aa3.jpg
Cáp sạc iPhone Baseus Superior Series Fast Charging Data Cable (2.4A 480Mbps, Fast charge, ABS/ TPE Cable) -  Hàng Chính Hãng ,125.000,https://salt.tikicdn.com/cache/280x280/ts/product/73/0a/4a/1550ceed357aa6b25d220d24bcb3f19b.jpg
Ốp lưng Iphone chống sốc hình mèo cute dành cho Iphone 11 / Phone 11 Pro / Iphone 11 Pro Max / Iphone 12 / Iphone 12 Pro / Iphone 12 Pro Max / Iphone 13 / Iphone 13 Pro / IPhone 13 Pro Max / Iphone 14/ Iphone 14 Pro / Iphone 14 Pro Max,72.000,https://salt.tikicdn.com/cache/280x280/ts/product/16/86/d4/0730177d01d87a7ee7cc0c7d40e7a1f9.jpeg
Cáp Sạc Cho iPhone iPad Hoco X14 - Cáp Sạc Dây Dù Siêu Bền - Dài 1M/2M - Hàng Chính Hãng,29.000,https://salt.tikicdn.com/cache/280x280/ts/product/fe/7e/8b/62bc1f1fb6e82c7c5213507ca51a7331.png
Cáp sạc cho iPhone/ iPad Baseus Superior Series Fast Charging Data Cable USB to iP (2.4A 480Mbps, Fast charge, ABS/ TPE Cable),62.000,https://salt.tikicdn.com/cache/280x280/ts/product/8c/d0/bd/6aa044487bd997e2d29849bf71ec44c0.jpeg
Cáp sạc nhanh PD20W chân Type-C sang iphone ipad dây dù chống đứt truyền dữ liệu nhanh cho iPhone dài 1M OLAPLE - Hàng chính hãng,121.999,https://salt.tikicdn.com/cache/280x280/ts/product/ce/f9/c9/e4e92e2e7fd80ecfd0e372edeb7f0784.jpg
Dây Sạc Nhanh PD 20W Cho Iphone hoco. X89 dài 1M dây dù chống đứt chống rối siêu bền hỗ trợ truyền dữ liệu - Hàng Chính Hãng,84.000,https://salt.tikicdn.com/cache/280x280/ts/product/ab/64/88/9ac293e891554f2478a1841ca98c3bbd.jpg
Cáp sạc iphone Baseus Horizontal sạc nhanh 2.4A và dây sạc truyền dữ liệu tốc độ cao bọc dù cho iP / iPad - hàng chính hãng,79.000,https://salt.tikicdn.com/cache/280x280/ts/product/dc/d6/18/9e8ef0c97ea216a3ad17e19ae363a8d9.jpg
Dây cáp sạc nhanh Rock space S08 dành cho Iphone sạc nhanh, ổn định, không nóng máy, 1M - Hàng chính hãng ,59.000,https://salt.tikicdn.com/cache/280x280/ts/product/41/c8/07/308120c577e5fcc74e0cf0228980b31f.jpg
Dây cáp sạc cho iPhone 4 / iPhone 4s - Hàng nhấp khẩu,32.799,https://salt.tikicdn.com/cache/280x280/ts/product/54/f6/a2/31eb039d9636ea49730a0984858e288f.jpg
Dây cáp sạc cho iphone 4/ipad 1-2-3 (loại cực tốt),33.700,https://salt.tikicdn.com/cache/280x280/ts/product/dd/80/d3/6ec37b736e18e7c38a0e080a907c9c40.jpg
Dây Cáp Sạc Lightning Cho iPhone Anker Powerline+ II 0.9m (Không Kèm Bao Đựng) - A8452H11,350.000,https://salt.tikicdn.com/cache/280x280/media/catalog/producttmp/ee/d8/7a/313e1e00b46491db700610a07eb3b771.jpg
Cáp Sạc Nhanh iPhone 13 Series cổng C to Lightning Aukey CB-CL3 0.9m Chuẩn  MFi Hỗ trợ sạc PD 27W - Hàng Chính hãng,275.000,https://salt.tikicdn.com/cache/280x280/ts/product/c5/29/0b/92b486b6e0b03d6d8d19b6bf1623972d.jpg
Cáp sạc nhanh dành cho iphone HOCO x26 -Hàng Chính Hãng,32.000,https://salt.tikicdn.com/cache/280x280/ts/product/11/cb/90/c18cdaea5889bbba3b6aae17de92a37f.jpg
Dây cáp sạc nhanh iPhone / iPad dài 100cm CHOETECH IP0012 cho iPhone / iPad hỗ trợ sạc nhanh (Dòng điện 2.1A dây dù chống đứt, Fast Charging Cable) - Hàng chính hãng,89.000,https://salt.tikicdn.com/cache/280x280/ts/product/7e/1f/6d/d30045514d78f6921c975b1cac9344c3.png
Ốp lưng Iphone chống sốc trong suốt hình gấu Be@r.Bri.ck dành cho Iphone 11 / Phone 11 Pro / Iphone 11 Pro Max / Iphone 12 / Iphone 12 Pro / Iphone 12 Pro Max / Iphone 13 / Iphone 13 Pro / IPhone 13 Pro Max / Iphone 14/ Iphone 14 Pro / Iphone 14 Pro Max,43.800,https://salt.tikicdn.com/cache/280x280/ts/product/5f/40/65/173bd78a7433d5f423ac9427c08d7fef.jpg
Ốp lưng Iphone chống sốc họa tiết trái tim dành cho Iphone 11 / Phone 11 Pro / Iphone 11 Pro Max / Iphone 12 / Iphone 12 Pro / Iphone 12 Pro Max / Iphone 13 / Iphone 13 Pro / IPhone 13 Pro Max / Iphone 14/ Iphone 14 Pro / Iphone 14 Pro Max,36.000,https://salt.tikicdn.com/cache/280x280/ts/product/73/45/a5/9549c27645182fa53338acd32308160f.png
Ốp lưng Iphone chống sốc tráng gương in họa tiết dành cho Iphone 11 / Phone 11 Pro / Iphone 11 Pro Max / Iphone 12 / Iphone 12 Pro / Iphone 12 Pro Max / Iphone 13 / Iphone 13 Pro / IPhone 13 Pro Max / Iphone 14/ Iphone 14 Pro / Iphone 14 Pro Max,64.800,https://salt.tikicdn.com/cache/280x280/ts/product/2f/2c/48/d815c6f9a075dbb5d46b88e2dcfd0f6b.png
Dây sạc iPhone dạng rút nội địa Nhật Bản,53.754,https://salt.tikicdn.com/cache/280x280/ts/product/85/c7/46/8e6f37a8f38e345fdba902795a6b9e81.jpg
Cáp sạc nhanh 2.4A Baseus Cafule dây bện chống gập đồng bộ data nhanh chóng dành cho iPhone dài 100CM ( nhiều màu ) - Hàng chính hãng,70.000,https://salt.tikicdn.com/cache/280x280/ts/product/35/35/b9/4714353f52c605cddb788d67dcb0797b.jpeg
Dây sạc iphone baseus cafule 2.4A - cáp sạc bọc dù chống đứt ipad ip 13 12 11 promax x xsmax - hàng chính hãng,51.775,https://salt.tikicdn.com/cache/280x280/ts/product/0e/f8/ee/5bb553d2479454084351af30725f0dcd.jpg
Cáp sạc nhanh iphone pd 20W Baseus CATLWJ-01 type c to iphone - dây sạc cao cấp hỗ trợ IP 12 11 x xsmax 8.. - hàng chính hãng,86.499,https://salt.tikicdn.com/cache/280x280/ts/product/6e/34/33/927dea145a03ada963e1fc38f0f673d8.jpg
Cốc Sạc Nhanh Cho IPhone 20W Baseus GaN5 Fast Charger - Công Nghệ Power Delivery 3.0 QC 3.0 - Tích Hợp Chip Thông Minh - Công Nghệ Kiểm Soát Nhiệt Độ BCT - Hàng Chính Hãng,138.000,https://salt.tikicdn.com/cache/280x280/ts/product/69/84/ba/a1ac1995cada6437114b9d576dd3fa29.jpg
Ốp lưng Iphone chống sốc đệm khí họa tiết trái tim dành cho Iphone 11 / Phone 11 Pro / Iphone 11 Pro Max / Iphone 12 / Iphone 12 Pro / Iphone 12 Pro Max / Iphone 13 / Iphone 13 Pro / IPhone 13 Pro Max / Iphone 14/ Iphone 14 Pro / Iphone 14 Pro Max,54.000,https://salt.tikicdn.com/cache/280x280/ts/product/e2/a4/ed/363e5391b0fbf161a3c202d8515e8e40.jpg
Ốp lưng Iphone chống sốc hình hoa tranh sơn dầu cổ điển dành cho Iphone 11 / Phone 11 Pro / Iphone 11 Pro Max / Iphone 12 / Iphone 12 Pro / Iphone 12 Pro Max / Iphone 13 / Iphone 13 Pro / IPhone 13 Pro Max / Iphone 14/ Iphone 14 Pro / Iphone 14 Pro Max,64.800,https://salt.tikicdn.com/cache/280x280/ts/product/bb/b1/cf/f0cb6aa390e75e661d369a2fe91af2cf.jpg
Ốp lưng Iphone chống sốc họa tiết hoa 5 cánh dành cho Iphone 11 / Phone 11 Pro / Iphone 11 Pro Max / Iphone 12 / Iphone 12 Pro / Iphone 12 Pro Max / Iphone 13 / Iphone 13 Pro / IPhone 13 Pro Max / Iphone 14/ Iphone 14 Pro / Iphone 14 Pro Max,61.200,https://salt.tikicdn.com/cache/280x280/ts/product/b1/91/27/4c5fd989e580791a4d60c44c2bec5c10.png
Dây Cáp USB-C To LN Chuẩn MFi Cho iPhone Mophie 1m - Hàng Chính Hãng,245.000,https://salt.tikicdn.com/cache/280x280/ts/product/bd/06/5d/fc1c2957bd75286a0e2bb227af03509e.jpg
Ốp lưng Iphone chống sốc Sweet Rich Kẹo Ngọt dành cho Iphone 11 / Phone 11 Pro / Iphone 11 Pro Max / Iphone 12 / Iphone 12 Pro / Iphone 12 Pro Max / Iphone 13 / Iphone 13 Pro / IPhone 13 Pro Max / Iphone 14/ Iphone 14 Pro / Iphone 14 Pro Max,36.000,https://salt.tikicdn.com/cache/280x280/ts/product/e1/ea/05/174b52894f948d0af6153271c52f16fe.jpg
Ốp lưng Iphone chống sốc hình hoa tím dành cho Iphone 11 / Phone 11 Pro / Iphone 11 Pro Max / Iphone 12 / Iphone 12 Pro / Iphone 12 Pro Max / Iphone 13 / Iphone 13 Pro / IPhone 13 Pro Max / Iphone 14/ Iphone 14 Pro / Iphone 14 Pro Max,64.800,https://salt.tikicdn.com/cache/280x280/ts/product/6e/25/17/5bc9f7727209b4c96ecd18eef708dadd.png
Ốp lưng Iphone chống sốc trong suốt hình mặt trăng dành cho Iphone 11 / Phone 11 Pro / Iphone 11 Pro Max / Iphone 12 / Iphone 12 Pro / Iphone 12 Pro Max / Iphone 13 / Iphone 13 Pro / IPhone 13 Pro Max / Iphone 14/ Iphone 14 Pro / Iphone 14 Pro Max,50.400,https://salt.tikicdn.com/cache/280x280/ts/product/84/0c/45/baa043cb7409a34847d0bcf1ba5dd960.png
Ốp lưng dành cho Iphone 12 Mini - Iphone 12 - Iphone 12 Pro -  Iphone 12 Pro Max - Hổ Sắc Họa,80.000,https://salt.tikicdn.com/cache/280x280/ts/product/6b/c2/a8/8d6ec674f0b70594aeef655cc2dae43f.jpg
cáp sạc tự ngắt cho iphone chính hãng baseus,92.000,https://salt.tikicdn.com/cache/280x280/ts/product/79/ed/a7/232979bd4d15a98f9f952c882b8bf401.jpg
Cáp sạc iPhone Aukey C-Lighning MFi CB-CL3 0.9m - Hàng Chính Hãng,265.000,https://salt.tikicdn.com/cache/280x280/ts/product/28/f7/c8/343fdad41729a05fc4fe9d87e639a239.jpg
Cáp Sạc Nhanh Iphone - Ipad loại tốt hàng chính hãng HOCO X14 Times Speed – Dây Sạc bọc dù chống xoắn đứt,39.000,https://salt.tikicdn.com/cache/280x280/ts/product/f0/b9/8d/3bf0816c3244c8e2f4bcc82f277a2c5e.png
Ốp lưng Iphone chống sốc hình gấu giá đỡ dành cho Iphone 11 / Phone 11 Pro / Iphone 11 Pro Max / Iphone 12 / Iphone 12 Pro / Iphone 12 Pro Max / Iphone 13 / Iphone 13 Pro / IPhone 13 Pro Max / Iphone 14/ Iphone 14 Pro / Iphone 14 Pro Max,88.800,https://salt.tikicdn.com/cache/280x280/ts/product/70/8e/71/e1e8b32b05d374ec7b3294802f81a783.jpg
Cáp sạc iPhone XSMax/XR/X/XS/8/7/6/5 Baseus Cafule dài 1m - Hàng chính hãng,51.674,https://salt.tikicdn.com/cache/280x280/ts/product/14/dc/4b/78b0f1b64a5cc4986fd838613de94a65.jpg
Ốp lưng Iphone chống sốc họa tiết hoa tranh sơn dầu dành cho Iphone 11/ IPhone 11Pro/ Iphone 11ProMax/ Iphone 12/ Iphone 12Pro/ Iphone 12ProMax/ Iphone13/ Iphone 13Pro/ IPhone 13ProMax/ Iphone 14/ Iphone 14Pro/ Iphone 14ProMax,46.800,https://salt.tikicdn.com/cache/280x280/ts/product/23/41/e7/c75d0029b07c291b4b60573f6a3eaaae.png
Ốp lưng Iphone chống sốc hình màu nước dành cho Iphone 11 / Phone 11 Pro / Iphone 11 Pro Max / Iphone 12 / Iphone 12 Pro / Iphone 12 Pro Max / Iphone 13 / Iphone 13 Pro / IPhone 13 Pro Max / Iphone 14/ Iphone 14 Pro / Iphone 14 Pro Max,43.200,https://salt.tikicdn.com/cache/280x280/ts/product/a6/0d/15/4657f22a0a2173ea988db1bca13c3076.png
Ốp lưng Iphone chống sốc in hình gấu trắng xanh dành cho Iphone 11 / Phone 11 Pro / Iphone 11 Pro Max / Iphone 12 / Iphone 12 Pro / Iphone 12 Pro Max / Iphone 13 / Iphone 13 Pro / IPhone 13 Pro Max / Iphone 14/ Iphone 14 Pro / Iphone 14 Pro Max,36.000,https://salt.tikicdn.com/cache/280x280/ts/product/f0/69/99/74694a0b8fdd1f80fe5646f2a3c281f7.jpg
Ốp lưng Iphone chống sốc dẻo họa tiết ô vuông Hello dành cho Iphone 11 / Phone 11 Pro / Iphone 11 Pro Max / Iphone 12 / Iphone 12 Pro / Iphone 12 Pro Max / Iphone 13 / Iphone 13 Pro / IPhone 13 Pro Max / Iphone 14/ Iphone 14 Pro / Iphone 14 Pro Max,54.000,https://salt.tikicdn.com/cache/280x280/ts/product/df/10/2d/087cbb2c08fdb056bb99345d4f685bbb.png
Cáp sạc cho iPhone dây dù ZMI AL805 chuẩn MFI  dài 1m - Đen - Hàng chính hãng ,169.000,https://salt.tikicdn.com/cache/280x280/ts/product/53/eb/5b/5e4d10029c500b76c2c935a9d8949195.jpg
Ốp lưng dành cho Iphone 14 - Iphone 14 Plus - Iphone 14 Pro - Iphone 14 Pro Max - Bướm Nước,53.000,https://salt.tikicdn.com/cache/280x280/ts/product/13/71/d1/6b47a99d6bba37a672f345d5c705d833.jpg
Cáp Sạc IPhone 4/4S IPad 1/2/3 Earldom EC-i4 - Hàng Chính Hãng,50.000,https://salt.tikicdn.com/cache/280x280/ts/product/ae/b4/59/21b1b26544f95bd8e60cf1e8905ee3c8.png
Ốp lưng Iphone chống sốc viền gợn sóng họa tiết trái tim dành cho Iphone 11 / Phone 11 Pro / Iphone 11 Pro Max / Iphone 12 / Iphone 12 Pro / Iphone 12 Pro Max / Iphone 13 / Iphone 13 Pro / IPhone 13 Pro Max / Iphone 14/ Iphone 14 Pro / Iphone 14 Pro Max,54.000,https://salt.tikicdn.com/cache/280x280/ts/product/b8/23/02/d029f4dccd758e9f0c13c6f389847e88.jpg
Cáp Sạc Nhanh 20W Dành Cho iPhone Remax RC-171 Chuẩn TypeC to IP,  Sử Dụng Chip E-marker, Chống Sạc Quá Tải, Chống Gãy Cáp - Hàng Chính Hãng - Trắng,151.000,https://salt.tikicdn.com/cache/280x280/ts/product/f8/51/51/e4062a6dad880424ac666cdc34b41147.jpg
Ốp lưng Iphone chống sốc in hình gấu dành cho Iphone 11 / Phone 11 Pro / Iphone 11 Pro Max / Iphone 12 / Iphone 12 Pro / Iphone 12 Pro Max / Iphone 13 / Iphone 13 Pro / IPhone 13 Pro Max / Iphone 14/ Iphone 14 Pro / Iphone 14 Pro Max,72.000,https://salt.tikicdn.com/cache/280x280/ts/product/33/c9/45/5cfb6783a0db7ad191722e38a29a6128.png
Cáp sạc nhanh iphone type c to lightling pd 20w Baseus Cafule Series Metal - dây sạc bọc dù cao cấp cho IP ipad - hàng chính hãng,128.499,https://salt.tikicdn.com/cache/280x280/ts/product/04/94/e7/0e2890ca26047ead48c11e04077b9061.jpg
Ốp lưng Iphone chống sốc hoạ tiết hoa sơn dành cho Iphone 11 / Phone 11 Pro / Iphone 11 Pro Max / Iphone 12 / Iphone 12 Pro / Iphone 12 Pro Max / Iphone 13 / Iphone 13 Pro / IPhone 13 Pro Max / Iphone 14/ Iphone 14 Pro / Iphone 14 Pro Max,72.000,https://salt.tikicdn.com/cache/280x280/ts/product/e1/0f/7c/0da7abebce06c65b8ba00686fe640714.png
Cáp Sạc Hoco X1 Charging For iPhone 4 - 1M - Hàng chính hãng,42.800,https://salt.tikicdn.com/cache/280x280/media/catalog/product/x/1/x1%20(1).u2470.d20160610.t101522.jpg
Cáp sạc Baseus iPhone 20W đầu gập Cáp sạc Type C to IP Baseus Legend Series Elbow Fast Charging Data Cable Type C to IP PD 20W,165.000,https://salt.tikicdn.com/cache/280x280/ts/product/1b/52/e7/11751af6869a76bf2cbad59e6d07c4f7.jpg
Cáp sạc Type C to iPhone 20W Baseus Dynamic Series Fast Charging Data Cable - Hàng chính hãng,97.310,https://salt.tikicdn.com/cache/280x280/ts/product/e6/95/89/94121f6448493d11808444d9b6403ee3.jpg
Ốp lưng Iphone chống sốc họa tiết Star.bucks coffee dành cho Iphone 11 / Phone 11 Pro / Iphone 11 Pro Max / Iphone 12 / Iphone 12 Pro / Iphone 12 Pro Max / Iphone 13 / Iphone 13 Pro / IPhone 13 Pro Max / Iphone 14/ Iphone 14 Pro / Iphone 14 Pro Max,54.000,https://salt.tikicdn.com/cache/280x280/ts/product/09/02/4e/04fb29e6a9659f8e3c35ef7df96793c6.png
Cáp sạc nhanh hiển thị đèn LED dành cho iphone dây dù 12M siêu bền ( Màu ngẫu nhiên ),29.000,https://salt.tikicdn.com/cache/280x280/ts/product/b5/30/30/406dddad2e0849ce1f970bf07225e5a1.jpg
Dây Cáp Sạc Lightning Cho iPhone Chuẩn MFi Aukey CB-BAL7 0.9m - Hàng Chính Hãng,235.000,https://salt.tikicdn.com/cache/280x280/ts/product/c5/a8/2c/acd0965bb34e27cc16d286e889a20aa7.jpg
Cáp sạc iPhone Tự Ngắt Thông Minh Baseus dài 1m Bọc Dây Dù Siêu Bền - Hàng chính hãng,119.000,https://salt.tikicdn.com/cache/280x280/ts/product/d2/07/73/ed3494a77fd91e089ff2ad649652b96e.jpg
Dây Sạc Cho iPhone iPad HocoDU01, Cáp Sạc Nhanh MAX 2.4A (12W) Bền, Siêu Rẻ Cho iP 5/6/7/8 X/Xs/XsMax 11/12/13/14 Pro/Promax/ Mini/Plus,22.000,https://salt.tikicdn.com/cache/280x280/ts/product/53/3e/59/1919b5edb838949e18e17c14dae6aefd.jpg
Cáp sạc nhanh siêu bền dùng cho iPhone/iPad Baseus Tungsten Gold (USB to IP 2.4A Fast Charging & Data Cable)- Hàng chính hãng,163.000,https://salt.tikicdn.com/cache/280x280/ts/product/b5/0e/5f/664bbca6a70b6fad3cefdb3d1e172b47.jpg
Ốp lưng dành cho Iphone 13 Mini - Iphone 13 - Iphone 13 Pro -  Iphone 13 Pro Max - Phúc,45.000,https://salt.tikicdn.com/cache/280x280/ts/product/5c/34/1b/45188ab1753a5f676f117a85119ed27b.jpg
Ốp lưng Iphone chống sốc trong suốt hình tem dành cho Iphone 11 / Phone 11 Pro / Iphone 11 Pro Max / Iphone 12 / Iphone 12 Pro / Iphone 12 Pro Max / Iphone 13 / Iphone 13 Pro / IPhone 13 Pro Max / Iphone 14/ Iphone 14 Pro / Iphone 14 Pro Max,72.000,https://salt.tikicdn.com/cache/280x280/ts/product/0a/a1/f2/746e5eb64ffdca550b3c06bb8c7fab9b.png
Dây cáp sạc dành cho Iphone/ Ipad  bọc dù sạc nhanh chống đứt - Hàng Nhập Khẩu,35.000,https://salt.tikicdn.com/cache/280x280/ts/product/eb/f5/28/44e4705473759c43a6070232b6d5695c.jpg
Ốp lưng Iphone chống sốc hình oval hoạ tiết đáng yêu dành cho Iphone 11 / Phone 11 Pro / Iphone 11 Pro Max / Iphone 12 / Iphone 12 Pro / Iphone 12 Pro Max / Iphone 13 / Iphone 13 Pro / IPhone 13 Pro Max / Iphone 14/ Iphone 14 Pro / Iphone 14 Pro Max,72.000,https://salt.tikicdn.com/cache/280x280/ts/product/b3/00/fb/09340379374e0351183d2c059795f021.png
Ốp lưng Iphone chống sốc hoạ tiết hoa ba chiều kèm iring dành cho Iphone 11 / Phone 11 Pro / Iphone 11 Pro Max / Iphone 12 / Iphone 12 Pro / Iphone 12 Pro Max / Iphone 13 / Iphone 13 Pro / IPhone 13 Pro Max / Iphone 14/ Iphone 14 Pro / Iphone 14 Pro Max,75.000,https://salt.tikicdn.com/cache/280x280/ts/product/28/f4/e2/3492dcbab4244e1eff3090d889a2a05c.png
Cáp Sạc Cho iPhone Led Tự Ngắt - Chính Hãng - Giao Màu Ngẫu Nhiên,70.000,https://salt.tikicdn.com/cache/280x280/ts/product/50/fd/90/2284c84680342fe6d0768d7a44699d05.jpg
Cáp sạc nhanh cho iPhone A to L Innostyle DuraFlex - Siêu BềnSạc Nhanh - 1.5M - Hàng chính hãng,390.000,https://salt.tikicdn.com/cache/280x280/ts/product/d7/94/73/0f9d85dee6150621dda733ed7970b5ae.jpg
Ốp lưng Iphone chống sốc mềm họa tiết Star.bucks Coffee dành cho Iphone 11 / Phone 11 Pro / Iphone 11 Pro Max / Iphone 12 / Iphone 12 Pro / Iphone 12 Pro Max / Iphone 13 / Iphone 13 Pro / IPhone 13 Pro Max / Iphone 14/ Iphone 14 Pro / Iphone 14 Pro Max,72.000,https://salt.tikicdn.com/cache/280x280/ts/product/1c/d3/0b/03a71e61c872971cfb6756a7e6ae322c.png
Dây Cáp Sạc iPhone - Baseus 23cm - Chính Hãng (Giao màu ngẫu nhiên),79.000,https://salt.tikicdn.com/cache/280x280/ts/product/e0/ea/41/0938ada1fbda763a84d1851796397ffb.jpg
CÁP SẠC NHANH CHO IPHONE 14 I 13 I 12 INNOSTYLE POWERFLEX USB-C MFI 1.5M 20/30/60W ICL150AL - HÀNG CHÍNH HÃNG,419.000,https://salt.tikicdn.com/cache/280x280/ts/product/83/23/fc/452ef25110dcc1e7affa273e7603f7d6.jpg
Ốp lưng Iphone chống sốc hoa hồng màu gradient dành cho Iphone 11 / Phone 11 Pro / Iphone 11 Pro Max / Iphone 12 / Iphone 12 Pro / Iphone 12 Pro Max / Iphone 13 / Iphone 13 Pro / IPhone 13 Pro Max / Iphone 14/ Iphone 14 Pro / Iphone 14 Pro Max,62.400,https://salt.tikicdn.com/cache/280x280/ts/product/9b/8c/9a/7e3903e5c85681b607cbbea6a5effcfe.png
Ốp lưng Iphone chống sốc Good Time họa tiết hoa xanh dành cho Iphone 11 / Phone 11 Pro / Iphone 11 Pro Max / Iphone 12 / Iphone 12 Pro / Iphone 12 Pro Max / Iphone 13 / Iphone 13 Pro / IPhone 13 Pro Max / Iphone 14/ Iphone 14 Pro / Iphone 14 Pro Max,61.200,https://salt.tikicdn.com/cache/280x280/ts/product/e9/eb/16/ebdb0c126d602e8dea1edf010e3a1f33.png
Ốp lưng Iphone chống sốc Gookluck đính gấu cute dành cho Iphone 11 / Phone 11 Pro / Iphone 11 Pro Max / Iphone 12 / Iphone 12 Pro / Iphone 12 Pro Max / Iphone 13 / Iphone 13 Pro / IPhone 13 Pro Max / Iphone 14/ Iphone 14 Pro / Iphone 14 Pro Max,61.200,https://salt.tikicdn.com/cache/280x280/ts/product/3d/fe/b8/b67e2017d638f05c2e9c8c0bf95f24d1.jpeg
Dây Cáp Chuyển Đổi Âm Thanh Cho Iphone Ipad Sang Cổng 3.5mm- AD169- Hàng Nhập Khẩu,36.760,https://salt.tikicdn.com/cache/280x280/ts/product/12/06/5c/999815ba6f26d6177eb4aa0438420c05.jpg
Cáp sạc nhanh đèn LED tự ngắt cho IPhone IPad HOCO U35 - Hàng chính hãng,92.000,https://salt.tikicdn.com/cache/280x280/ts/product/ba/9e/44/38881659f11339dafcf69641653b5328.jpg
Ốp lưng Iphone chống sốc họa tiết trái tim viền lượn sóng dành cho Iphone 11 / Phone 11 Pro / Iphone 11 Pro Max / Iphone 12 / Iphone 12 Pro / Iphone 12 Pro Max / Iphone 13 / Iphone 13 Pro / IPhone 13 Pro Max / Iphone 14/ Iphone 14 Pro / Iphone 14 Pro Max,64.800,https://salt.tikicdn.com/cache/280x280/ts/product/03/94/66/0314d893b49491f304eba9f0154a2fe9.png
Ốp lưng Iphone chống sốc hình gấu Tɛddy dành cho Iphone 11 / Phone 11 Pro / Iphone 11 Pro Max / Iphone 12 / Iphone 12 Pro / Iphone 12 Pro Max / Iphone 13 / Iphone 13 Pro / IPhone 13 Pro Max / Iphone 14/ Iphone 14 Pro / Iphone 14 Pro Max,36.000,https://salt.tikicdn.com/cache/280x280/ts/product/47/e6/0f/07072a93175c69e476aa1f48c3b9d969.png
Ốp lưng Iphone chống sốc họa tiết vịt hồng dành cho Iphone 11 / Phone 11 Pro / Iphone 11 Pro Max / Iphone 12 / Iphone 12 Pro / Iphone 12 Pro Max / Iphone 13 / Iphone 13 Pro / IPhone 13 Pro Max / Iphone 14/ Iphone 14 Pro / Iphone 14 Pro Max,72.000,https://salt.tikicdn.com/cache/280x280/ts/product/76/06/89/934340a5013550a1325f284963484b1c.png
	Cáp Sạc truyền dữ liệu 2.4 chống dối dây dù dành cho Iphone,Ipad Hoco X14 Giao màu ngẫu nhiên- Hàng chính hãng,48.000,https://salt.tikicdn.com/cache/280x280/ts/product/31/0e/69/38cb5e41611179b02ea8415d1d997440.jpg
Dây cáp sạc nhanh cho Iphone/Ipad bọc dù chống rối chống đứt cao cấp - Hàng chính hãng,14.000,https://salt.tikicdn.com/cache/280x280/ts/product/74/0d/c7/c3934a8be7c857338aaba83ea0c020f8.jpg
Ốp lưng Iphone chống sốc hoạ tiết phi hành gia dành cho Iphone 11 / Phone 11 Pro / Iphone 11 Pro Max / Iphone 12 / Iphone 12 Pro / Iphone 12 Pro Max / Iphone 13 / Iphone 13 Pro / IPhone 13 Pro Max / Iphone 14/ Iphone 14 Pro / Iphone 14 Pro Max,54.000,https://salt.tikicdn.com/cache/280x280/ts/product/3d/9c/f6/2aaa3501504eee79997968b08b66c87c.jpeg
CÁP SẠC NHANH  CHO  IPHONE INNOSTYLE JAZZY USB-C 20W/60W  1.2M J-ICL120 - HÀNG CHÍNH HÃNG,400.000,https://salt.tikicdn.com/cache/280x280/ts/product/05/bf/14/ea02f99a552c5fee1c051b884df3bc0e.jpg
Ốp lưng Iphone chống sốc viền camera kim loại dành cho Iphone 11 / Phone 11 Pro / Iphone 11 Pro Max / Iphone 12 / Iphone 12 Pro / Iphone 12 Pro Max / Iphone 13 / Iphone 13 Pro / IPhone 13 Pro Max / Iphone 14/ Iphone 14 Pro / Iphone 14 Pro Max,72.000,https://salt.tikicdn.com/cache/280x280/ts/product/8d/8b/af/b845b2c84bbfc7468460921d1db7f37e.jpeg
Cáp sạc nhanh IPhone kiểu mới cáp sạc nhanh IPhone đầu ngang,115.000,https://salt.tikicdn.com/cache/280x280/ts/product/f1/46/3d/560ea2c567d3cd82056c246173fdb707.jpg
Cáp Sạc Nhanh Baseus Horizontal Data Cable - Dùng Cho iPhone iPad - Trang Bị Đèn Led - Công Nghệ Chống Đứt Gãy SR - Hàng Chính Hãng,75.000,https://salt.tikicdn.com/cache/280x280/ts/product/82/a6/35/101e902eaa2e91c1f8a420bcb8acca68.jpg
Dây Cáp Sạc Nhanh Type-C To Light.ning 20W Dành Cho iPhone Cho iPad Chuẩn MFI C94, Dài 1.2 Mét RAVPower RP-CB1004 - Hàng Chính Hãng,299.000,https://salt.tikicdn.com/cache/280x280/ts/product/5b/2f/ff/cf43c705b756349f0b5a7d807391da31.png
Dây sạc dành cho iPhone 4/4s và ipad to 1/2/3 Iphone 3 /3Gs,35.000,https://salt.tikicdn.com/cache/280x280/ts/product/9d/7f/67/a8318dbde938e84e13e2dc0f2dbfa842.jpg
Dây Cáp Sạc Type C To Lightning CHOETECH IP0039 MFI C94 Dài 1.2M Sạc Nhanh 20W Dành Cho iPhone 11 12, IP13, IP14, Cho iPad - Hàng Chính Hãng,269.000,https://salt.tikicdn.com/cache/280x280/ts/product/b8/f3/35/1d637cc6ba3e8d890797382171ecfec6.png
Ốp lưng dành cho Iphone 13 Mini - Iphone 13 - Iphone 13 Pro -  Iphone 13 Pro Max - Ôm Vũ Trụ,45.000,https://salt.tikicdn.com/cache/280x280/ts/product/ab/84/b0/8b3c148b24315d7b30341b1e9fe0f320.jpg
Cáp sạc dài 3M Iphone Cao Cấp hỗ trợ sạc nhanh bọc dây dù siêu bền,15.701,https://salt.tikicdn.com/cache/280x280/ts/product/68/bc/85/4ee1cc8fd34fd5a6586b9485c57dc728.png
Cáp Sạc/Cáp Chuyển Đổi Dữ Liệu Cho Apple Iphone 4 / Ipad 1/2/3,49.000,https://salt.tikicdn.com/cache/280x280/ts/product/d9/3c/96/01ace89e3a7c1d48b5fcac69f6ac222d.jpg
IPHONE Ốp Lưng Cường Lực Cao Cấp Trong Suốt Cho Dòng Iphone 14 Iphone 13, Iphone 12, Iphone 11, Iphone X/XS/XSMax/XR - ATDTECH,119.000,https://salt.tikicdn.com/cache/280x280/ts/product/3b/39/80/5fce578941fb32469e9289e7a5afdb4f.jpg
cáp chuyển đổi tai nghe 2 đầu vừa sạc vừa nghe iphone ipad - jack chuyển đổi tai nghe từ light.ning sang 2 cổng,33.000,https://salt.tikicdn.com/cache/280x280/ts/product/83/e8/39/33228703bec46011828394464d8499ce.jpg
Cáp sạc nhanh Cho Iphone ipad 3A đèn Led Genshai GL9 dù 1m  - hàng chính hãng,19.000,https://salt.tikicdn.com/cache/280x280/ts/product/49/79/4f/e8989085c7fca7eff3f1cd1c60b76f5c.jpg
Dây sạc nhanh 2.4A cho Iphone Hoco. X89 dây dù chống đứt chống rối dài 1M - Hỗ trợ truyền dữ liệu tốc độ cao - Hàng Chính Hãng,49.000,https://salt.tikicdn.com/cache/280x280/ts/product/05/4d/5d/1b3156643bc748c1b49318b030b7e839.png
Cáp sạc nhanh 2.4A truyền dữ liệu Baseus Horizontal kết nối iPhone tích hợp đèn Led dài 100CM ( 2 màu ) - Hàng chính hãng,65.000,https://salt.tikicdn.com/cache/280x280/ts/product/57/16/43/a2bee4639d9fadbc4d3f713576cbde26.jpg
Cáp Dù Sạc Nhanh Cho iPhone iPad Bagi CB-IL10 (Dark-Blue) - Hàng Chính Hãng,79.000,https://salt.tikicdn.com/cache/280x280/ts/product/37/aa/e9/aa019b7806e9be482e2b602d34eee9eb.jpg
Cáp sạc nhanh PD20W Hoco dây dẻo X55 kết nối Type-C sang iPhone dài 1M - Hàng chính hãng,79.000,https://salt.tikicdn.com/cache/280x280/ts/product/48/5d/90/b701d112544ce8ac51b4103e92512693.jpg
Cáp Dù Sạc Nhanh Dài 2m Dành Cho IPhoneIPad - Bagi IS200 - Hàng Chính Hãng,79.000,https://salt.tikicdn.com/cache/280x280/ts/product/e9/79/2d/e6391d78146e364945bdec738cdf59f4.png
Dây cáp sạc nhanh 2.4A Light cho iPhone iPad Airpod hiệu Baseus MVP hỗ trợ game thủ (đầu gập 90 độ truyền dữ liệu, chống đứt gãy) - hàng nhập khẩu,149.000,https://salt.tikicdn.com/cache/280x280/ts/product/01/90/dc/da25546aa93c5edde5ea58c9338749c8.jpg
Dây cáp sạc nhanh 2.4A  cho iPhone / iPad hiệu Baseus Verticaltrang bị đèn LED Công nghệ chống đứt SR - Hàng nhập khẩu,109.000,https://salt.tikicdn.com/cache/280x280/ts/product/07/d6/a4/b4915ca2ec93c7ef138d2fe14dc7803c.png
Đầu chuyển đổi chân sạc dùng cho iPhone 4 4s, iPad 1,2,3,42.000,https://salt.tikicdn.com/cache/280x280/ts/product/0e/5c/9e/905c9cd369005de332f51713aa81007a.jpg
Cáp Sạc Nhanh Cho Iphone/ iPad Chuẩn MFI V5 Dài 1 Mét  - Hàng Nhập Khẩu,98.000,https://salt.tikicdn.com/cache/280x280/ts/product/94/26/c8/8ff578804df0628568cff7cdaebf10b7.jpg
Dây cáp sạc nhanh cho iPhone 5 / 5S / 5SE 6 / 6S, 7 / 8 / SE, 6 / 7 / 8 PLUS, X / XR / XS / XS MAX chất lượng cao dài 1m,29.000,https://salt.tikicdn.com/cache/280x280/ts/product/1f/84/5c/4d1a1e7d65d0c7a22b18e604349f922f.jpg
Dây Cáp Sạc Mophie Chuẩn MFi Cho iPhone 1m - Hàng Chính Hãng,390.000,https://salt.tikicdn.com/cache/280x280/ts/product/a2/b2/93/1ebc1145ee020eb25946bfaa747c0d99.jpg
Ốp lưng dành cho Iphone 13 Mini - Iphone 13 - Iphone 13 Pro -  Iphone 13 Pro Max - Người Vũ Trụ,55.000,https://salt.tikicdn.com/cache/280x280/ts/product/10/26/31/0025c9928c0a342668797f82fd65463a.jpg
Bộ Bảo Vệ Củ Cáp Sạc iPhone 18/20W Cho iP 14/13/12/11 Pro/Promax Xsmax/X/8 Plus, Chống Đứt Gãy Dây Sạc,49.000,https://salt.tikicdn.com/cache/280x280/ts/product/e2/31/93/2e34f26adafb77ca517bd36d12b921dc.jpg
Ốp lưng dành cho Iphone 13 Mini - Iphone 13 - Iphone 13 Pro -  Iphone 13 Pro Max - Doremon Doremon,45.000,https://salt.tikicdn.com/cache/280x280/ts/product/cb/51/76/4f925def7a68c569c73889b6b5026eda.jpg
Cáp sạc Baseus PD20W Baseus High Density kết nối Type-C sang iPhone dài 100CM ( 3 màu ) - Hàng chính hãng,111.750,https://salt.tikicdn.com/cache/280x280/ts/product/f9/51/7e/c40d7bf895c584644eb3ea394b261784.jpg
Cáp sạc cho iPhone Hyperdrive Keychain 1M Cable - Hàng chính hãng,580.000,https://salt.tikicdn.com/cache/280x280/ts/product/83/c1/a3/fda4367da5a81f12de4dfb369606213b.png
Cáp Sạc Nhanh Cho iPhone 14 Series Baseus Glimmer Series Fast Charging Data Cable Type-C to iP 20W Hàng Chính Hãng,129.000,https://salt.tikicdn.com/cache/280x280/ts/product/11/f1/a5/1408f51966b89cb2e8da2341f7f430ba.jpg
Cáp tự ngắt sạc cho iPhone HOCO U35 hàng chính hãng,99.000,https://salt.tikicdn.com/cache/280x280/ts/product/47/f3/04/5015969711f7914ad21de383b2f40464.jpg
Cáp Sạc Remax Dây Sạc iPhone Remax RC-080a - Hàng Chính Hãng,69.000,https://salt.tikicdn.com/cache/280x280/ts/product/6f/6e/b9/f446477d94277d675c3a37d321fdd2cd.jpg
Cáp sạc dành cho iPhone PD20W tự ngắt khi đầy Baseus Explorer Series CATS000001 -Hàng Chính hãng,161.025,https://salt.tikicdn.com/cache/280x280/ts/product/5b/ba/84/72b17b5be848a929253afc944025756b.jpg
Cáp sạc nhanh Remax RC-009i 20W cho iPhone - Màu ngẫu nhiên - Hàng nhập khẩu,79.000,https://salt.tikicdn.com/cache/280x280/ts/product/2b/88/f1/e788554370e24c3cf07f51d9ef041af4.jpg
Bộ sạc Cao cấp iPhone 34 bao gồm củ sạc và Cáp sạc,280.000,https://salt.tikicdn.com/cache/280x280/ts/product/5c/a8/18/4586bfee5b503f8612e780714c2561b4.jpg
Cáp sạc cao cấp Lightning Belkin Boost↑Charge chuẩn MFi cho iPhone/iPad sạc nhanh 12W vỏ nhựa, chiều dài 1m - CAA001bt1M - Hàng chính hãng,319.000,https://salt.tikicdn.com/cache/280x280/ts/product/dd/6d/dc/5a92332abad4a8ab782ecb9d3eb4cf2e.jpeg
Cáp Sạc Dành Cho Điện Thoại Iphone 3/4,29.000,https://salt.tikicdn.com/cache/280x280/ts/product/09/7a/aa/e0f8ab5a1db8780757ff25692cb95e36.jpg
Dây cáp sạc lò xo sạc cho iphone / ipad hỗ trợ sạc nhanh 2.4A hiệu Baseus chống đứt gẫy - hàng nhập khẩu,200.000,https://salt.tikicdn.com/cache/280x280/ts/product/10/7e/74/2c220b10f0a220be314ef64cd887a4f9.jpg
Dây Cáp Sạc Type C To Lightning 20W Chuẩn MFI C94 Sạc Nhanh Cho iPhone cho iPad Dây Nylon Sêu Bền Dài 1.2m RAVPower RP-CB1017 - Hàng Chính Hãng,299.000,https://salt.tikicdn.com/cache/280x280/ts/product/f8/34/4b/2aa7637adc93934d3cbb1b09badf0670.png
Cáp sạc nhanh Devia Gracious Series Type-C to IPhone 3A dài 15m Đen - Hàng chính hãng,110.000,https://salt.tikicdn.com/cache/280x280/ts/product/b9/11/07/c6ab77a3f65ad467a51e4d81f14263c0.jpg
Ốp lưng dành cho Iphone 13 Mini - Iphone 13 - Iphone 13 Pro -  Iphone 13 Pro Max - An Sen Trắng,45.000,https://salt.tikicdn.com/cache/280x280/ts/product/4a/72/24/d4b12af9f98c0e8928ffc29f137ca1d0.jpg
Cáp sạc Baseus Superior Series sạc nhanh dùng cho iPhone (2.4A 480Mbps, Fast charge, ABS/ TPE Cable) - Hàng chính hãng,39.500,https://salt.tikicdn.com/cache/280x280/ts/product/df/17/f7/54dd81e43530eea2239ea2e53e88d704.jpg
Cáp Sạc Baseus Cafule 50cm Dành Cho iPhone / iPad Sạc Nhanh, Truyền Dữ Liệu - HÀNG CHÍNH HÃNG,73.000,https://salt.tikicdn.com/cache/280x280/ts/product/a2/85/fb/9202758007f4ec1c7c71c724e7e99251.JPEG
Ốp lưng dành cho Iphone 13 Mini - Iphone 13 - Iphone 13 Pro -  Iphone 13 Pro Max - Cờ Mỹ,45.000,https://salt.tikicdn.com/cache/280x280/ts/product/47/9e/29/922743478e646189b3dce0cdebec0aab.jpg
Ốp lưng dành cho Iphone 13 Mini - Iphone 13 - Iphone 13 Pro -  Iphone 13 Pro Max - Cúc Cô Đơn,55.000,https://salt.tikicdn.com/cache/280x280/ts/product/7e/7d/d4/be67505833f83205b5a20e1d96501304.jpg
Cáp Sạc Nam Châm Cho iPhone Có Đèn Led Hiện Dòng Điện Trên Dây,34.900,https://salt.tikicdn.com/cache/280x280/ts/product/12/44/30/305c9ee6b868f5fd8677d5283d3446fb.png
Ốp lưng dành cho Iphone 13 Mini - Iphone 13 - Iphone 13 Pro -  Iphone 13 Pro Max - Khủng Long Hồng,45.000,https://salt.tikicdn.com/cache/280x280/ts/product/40/a6/83/6b30d3663eef63d86e97f4a5494ae5b4.jpg
Ốp lưng dành cho Iphone 13 Mini - Iphone 13 - Iphone 13 Pro -  Iphone 13 Pro Max - Doremon,45.000,https://salt.tikicdn.com/cache/280x280/ts/product/7d/1f/9b/0785bacd7bc85700bac50c8f71495f16.jpg
Ốp lưng dành cho Iphone 14 - Iphone 14 Plus - Iphone 14 Pro - Iphone 14 Pro Max - Hoa Hồng Đỏ,53.000,https://salt.tikicdn.com/cache/280x280/ts/product/6b/3a/34/84ee5dde057f6786db43a03cdce69a4f.jpg
Dây cáp sạc nhanh Rockspace Z18 dành cho iphone chuẩn PD 20W, ổn định, không nóng máy - Hàng chính hãng ,139.000,https://salt.tikicdn.com/cache/280x280/ts/product/e7/06/0d/f9d7715a71e7e762ee16b1080cb3174f.jpg
Ốp lưng dành cho Iphone 13 Mini - Iphone 13 - Iphone 13 Pro -  Iphone 13 Pro Max - Bướm Hoa Xanh,55.000,https://salt.tikicdn.com/cache/280x280/ts/product/8a/11/8d/559b0219bfb03aca7177d293b04398c8.jpg
Dây Cáp Sạc Lightning Cho Iphone MiLi 1.2m HI-L06 - Hàng Chính Hãng,350.000,https://salt.tikicdn.com/cache/280x280/ts/product/98/41/db/b2759f27448ad0cc9a5ac1a4735618f1.jpg
Ốp lưng dành cho Iphone 13 Mini - Iphone 13 - Iphone 13 Pro -  Iphone 13 Pro Max - Tâm Bất Biến,45.000,https://salt.tikicdn.com/cache/280x280/ts/product/89/28/a5/66c2a058687dd4d35124fa83a9b11b31.jpg
Ốp lưng dành cho Iphone 14 - Iphone 14 Plus - Iphone 14 Pro - Iphone 14 Pro Max - Quả Thông,53.000,https://salt.tikicdn.com/cache/280x280/ts/product/6c/b8/95/d0dbd0cb815c9040ae8653e3529d23e2.jpg
Ốp lưng Iphone chống sốc hình ngon núi phối mầu sắc dành cho Iphone 11 / Phone 11 Pro / Iphone 11 Pro Max / Iphone 12 / Iphone 12 Pro / Iphone 12 Pro Max / Iphone 13 / Iphone 13 Pro / IPhone 13 Pro Max / Iphone 14/ Iphone 14 Pro / Iphone 14 Pro Max,62.400,https://salt.tikicdn.com/cache/280x280/ts/product/45/66/cb/833ddf0ac906fdb74b61dd81e93a06ec.jpg
Ốp lưng Iphone chống sốc viền sóng có thể tháo rời dành cho Iphone 11 / Phone 11 Pro / Iphone 11 Pro Max / Iphone 12 / Iphone 12 Pro / Iphone 12 Pro Max / Iphone 13 / Iphone 13 Pro / IPhone 13 Pro Max / Iphone 14/ Iphone 14 Pro / Iphone 14 Pro Max - 2,43.200,https://salt.tikicdn.com/cache/280x280/ts/product/40/2b/56/5a73e36854bcd95086b77f02656d17be.png
Cáp Sạc ANKER PowerLine+ III USB-C TO Light.ning dài 1.8M - ANKER A9551 - Phiên Bản Marvel - Hỗ Trợ Sạc Nhanh Cho iPhone,267.000,https://salt.tikicdn.com/cache/280x280/ts/product/26/d3/0b/abdc3ea3435a43fda0d334cb56b4462a.jpg
Ốp lưng dành cho Iphone 13 Mini - Iphone 13 - Iphone 13 Pro -  Iphone 13 Pro Max - Tròn - Tam Giác,55.000,https://salt.tikicdn.com/cache/280x280/ts/product/ee/2d/8d/dcfa67a56f349debd7a41bd73b147a5c.jpg
Ốp lưng dành cho Iphone 14 - Iphone 14 Plus - Iphone 14 Pro - Iphone 14 Pro Max - Thư Pháp Nhẫn Đỏ,35.000,https://salt.tikicdn.com/cache/280x280/ts/product/a3/a3/e3/34ceae3f044bd8d224fbe9862ea7ec07.jpg
Dây sạc chuẩn kết nối Iphone phát sáng đầu nam châm hút,67.900,https://salt.tikicdn.com/cache/280x280/ts/product/07/20/9a/e97072dc7b98ff5c2711e17d619038e5.jpg
Ốp lưng Iphone chống sốc hình tiếu quái họa tiết hoa tím dành cho Iphone 11 / Phone 11 Pro / Iphone 11 Pro Max / Iphone 12 / Iphone 12 Pro / Iphone 12 Pro Max / Iphone 13 / Iphone 13 Pro / IPhone 13 Pro Max / Iphone 14/ Iphone 14 Pro / Iphone 14 Pro Max,64.800,https://salt.tikicdn.com/cache/280x280/ts/product/35/cf/a4/e4f2a58614bb28bbf590d5e6c25d5160.png
Dây Cáp Sạc USB-C to Lightning Chuẩn MFi Cho iPhone/iPad  HyperDrive - Hàng Chính Hãng,500.000,https://salt.tikicdn.com/cache/280x280/ts/product/e7/9f/6e/94192450532d50413146b9a189dd5e71.jpg
Dây Cáp Sạc Type-C To Lightning 20W Chuẩn MFI C94 Sạc Nhanh Cho iPhone Cho iPad, Dây Nylon Sêu Bền Dài 2m RAVPower RP-CB1018 - Hàng Chính Hãng,299.000,https://salt.tikicdn.com/cache/280x280/ts/product/4d/d9/70/403aaf691351d0fd940056a9898f1259.png
Cáp Sạc nhanh Baseus B01 (dài 1m 2.4A Sạc nhanh, Siêu bền) có đèn LED Cho Iphone / Ipad - Hàng chính Hãng,89.000,https://salt.tikicdn.com/cache/280x280/ts/product/ce/89/ee/3071272ff17e0c29be4b66adc8136096.jpg
Ốp lưng Iphone chống sốc họa tiết Beautiful Cool dành cho Iphone 11 / Phone 11 Pro / Iphone 11 Pro Max / Iphone 12 / Iphone 12 Pro / Iphone 12 Pro Max / Iphone 13 / Iphone 13 Pro / IPhone 13 Pro Max / Iphone 14/ Iphone 14 Pro / Iphone 14 Pro Max,36.000,https://salt.tikicdn.com/cache/280x280/ts/product/f6/35/05/e6474974fb2353ca3fbce4988c8c199e.png
Cáp Sạc ANKER PowerLine+ III USB-C TO Light.ning dài 1.8M - ANKER A9551 - Phiên Bản Marvel - Hỗ Trợ Sạc Nhanh Cho iPhone,274.000,https://salt.tikicdn.com/cache/280x280/ts/product/26/d3/0b/3b0e54b76ae460aec762465a121604fe.jpg
Ốp lưng dành cho Iphone 13 Mini - Iphone 13 - Iphone 13 Pro -  Iphone 13 Pro Max - Hoa Đêm,45.000,https://salt.tikicdn.com/cache/280x280/ts/product/37/c0/82/e35f697d9a29c408a530ce0f481d44ae.jpg
Ốp lưng dành cho Iphone 13 Mini - Iphone 13 - Iphone 13 Pro -  Iphone 13 Pro Max - Điện Thoại Cổ,45.000,https://salt.tikicdn.com/cache/280x280/ts/product/8c/04/cf/f3ee4a853b7d553568c3d265a18b4c8c.jpg
Hàng chính hãng -  Cáp sạc nhanh cho Iphone thương hiệu AUKEY MFI type C to Lightning CB-CL3, 0.9m (Đen) ,349.000,https://salt.tikicdn.com/cache/280x280/ts/product/ea/24/72/449f0a5444e0dc0e2adc034a1bfc4489.jpg
Cáp sạc tự ngắt điện cho iphone khi đầy- dây sạc nhanh  2.4a cho IP ipad bọc dù có led báo - hàng chính hãng,139.000,https://salt.tikicdn.com/cache/280x280/ts/product/e8/5a/a7/5d95cb08632bcc206b23f3e4600a99c9.jpg
Cable sạc nhanh type C to Iphone 18W Baseus Cafule Data Cable Type C to IP 1m (CATKLF-G1) - Hàng chính hãng,104.000,https://salt.tikicdn.com/cache/280x280/ts/product/1c/bc/b2/7fa768eeac2554fa184846f0a16640e7.png
Cáp Sạc nhanh  2.4 A tự ngắt Gen2 Baseus Explorer Series dùng cho ipad iPhone 13,12,11promax (USB to IP, Auto Power-Off, 2.4A Fast Charging & Data Cable)- Hàng chính hãng,155.000,https://salt.tikicdn.com/cache/280x280/ts/product/95/a5/3d/a2c3cbe37353ff54a788ef9e37b97e09.jpg
Dây cáp sạc nhanh 30W chuẩn PD 3.0 hỗ trợ MFI dành cho iPhone / iPad hiệu CHOETECH IP0040 dài 120cm - hàng chính hãng,249.000,https://salt.tikicdn.com/cache/280x280/ts/product/1b/33/97/c65fee30ba02f932dd6e8cc0b8111511.jpg
Dây Cáp Sạc RockSpace Z12 dành cho Iphone sạc nhanh ổn định không nóng máy độ dài 1m - Hàng chính hãng ,39.000,https://salt.tikicdn.com/cache/280x280/ts/product/07/97/52/4930b4efd6ea588148b1dc31a42ff578.jpg
Ốp lưng Iphone chống sốc họa tiết hoa Tulip lớn dành cho Iphone 11 / Phone 11 Pro / Iphone 11 Pro Max / Iphone 12 / Iphone 12 Pro / Iphone 12 Pro Max / Iphone 13 / Iphone 13 Pro / IPhone 13 Pro Max / Iphone 14/ Iphone 14 Pro / Iphone 14 Pro Max,61.200,https://salt.tikicdn.com/cache/280x280/ts/product/d6/88/88/0ae32f3bae496c1e7fe41b414e9d62ed.png
Ốp lưng Iphone chống sốc phao khí bảo vệ điện thoại dành cho Iphone 11 / Phone 11 Pro / Iphone 11 Pro Max / Iphone 12 / Iphone 12 Pro / Iphone 12 Pro Max / Iphone 13 / Iphone 13 Pro / IPhone 13 Pro Max / Iphone 14/ Iphone 14 Pro / Iphone 14 Pro Max,68.400,https://salt.tikicdn.com/cache/280x280/ts/product/c1/5c/12/75d2c765ba97760a7d6928fd26d6adf9.jpg
Ốp lưng dành cho Iphone 14 - Iphone 14 Plus - Iphone 14 Pro - Iphone 14 Pro Max - Kiếm Sói Trắng,42.000,https://salt.tikicdn.com/cache/280x280/ts/product/81/c2/05/5932d484ac90c1ee8785bc1ad3ff4883.jpg
Dây Cáp Sạc USB-C to L Chuẩn MFi Hỗ Trợ Sạc Nhanh Power Delivery Cho iPhone - Mili 1m HI-L90 - Hàng Chính Hãng,450.000,https://salt.tikicdn.com/cache/280x280/ts/product/9a/40/be/4ae2e1fc83688d0f99ecd19782876e9c.jpg
Cáp Sạc iPhone Tự Ngắt Gen2 Baseus Explorer Series dùng cho iPhone (Auto Power-Off 2.4A Fast Charging & Data Cable) Hàng chính hãng,120.375,https://salt.tikicdn.com/cache/280x280/ts/product/cd/8e/97/747eeb67777dce6fc94087e40bed22f1.jpg
 Ốp lưng Iphone chống sốc mềm họa tiết hoạt hình dành cho Iphone 11 / Phone 11 Pro / Iphone 11 Pro Max / Iphone 12 / Iphone 12 Pro / Iphone 12 Pro Max / Iphone 13 / Iphone 13 Pro / IPhone 13 Pro Max / Iphone 14/ Iphone 14 Pro / Iphone 14 Pro Max,63.000,https://salt.tikicdn.com/cache/280x280/ts/product/75/e8/f7/6444ca0cf3d9164ae2d5dbb172bf87ee.jpg
Dây Cáp Sạc Type-C To Lightning Chứng Nhận MFI CHOETECH IP0040 Dài 1.2M Sạc Nhanh 20W Cho iPhone Và 30W Cho iPad - Hàng Chính Hãng,269.000,https://salt.tikicdn.com/cache/280x280/ts/product/0c/c6/14/17f0aa6b05e7715e91adabb0113160da.png
Ốp lưng Iphone chống sốc Butterfly & Flower dành cho Iphone 11 / Phone 11 Pro / Iphone 11 Pro Max / Iphone 12 / Iphone 12 Pro / Iphone 12 Pro Max / Iphone 13 / Iphone 13 Pro / IPhone 13 Pro Max / Iphone 14/ Iphone 14 Pro / Iphone 14 Pro Max,61.200,https://salt.tikicdn.com/cache/280x280/ts/product/50/35/03/35b85cad335e87d6588fa3bfd68da2ec.png
Cáp sạc lò xo bọc vải cổng Lightning cho iPhone iPad Remax RC-139i - Hàng nhập khẩu,120.000,https://salt.tikicdn.com/cache/280x280/ts/product/98/86/10/ee42c1bfcdf92021b6dd093f1b976d0f.png
Ốp lưng dành cho Iphone 14 - Iphone 14 Plus - Iphone 14 Pro - Iphone 14 Pro Max - Giày Đủ Sắc,53.000,https://salt.tikicdn.com/cache/280x280/ts/product/46/7b/09/3bdfd4d92be959665287fd3322d616d5.jpg
Ốp lưng Iphone chống sốc hình nhân vật KawsHoliday dành cho Iphone 11 / Phone 11 Pro / Iphone 11 Pro Max / Iphone 12 / Iphone 12 Pro / Iphone 12 Pro Max / Iphone 13 / Iphone 13 Pro / IPhone 13 Pro Max / Iphone 14/ Iphone 14 Pro / Iphone 14 Pro Max,36.000,https://salt.tikicdn.com/cache/280x280/ts/product/5e/4d/75/6117dedb4b040a4223a2186a7f496229.png
Cáp sạc iphone tự ngắt thông minh Baseus C Shape Light LV195 cho iPhone 6/ 7/ 8/ iPhone X/ iPad (2.4A Sạc nhanh, Sợi Carbon Siêu Bền, LED, Intelligent power-off)- Hàng chính hãng,109.000,https://salt.tikicdn.com/cache/280x280/ts/product/5e/f4/57/00b1cbdd513fa83f766e11bd39e113ac.jpeg
Ốp lưng Iphone chống sốc họạ tiết gấu hoạt hình dành cho Iphone 11 / Phone 11 Pro / Iphone 11 Pro Max / Iphone 12 / Iphone 12 Pro / Iphone 12 Pro Max / Iphone 13 / Iphone 13 Pro / IPhone 13 Pro Max / Iphone 14/ Iphone 14 Pro / Iphone 14 Pro Max,68.400,https://salt.tikicdn.com/cache/280x280/ts/product/f7/18/21/89cef68fd5f08cb3ed6a1e9976e993b8.png
Ốp lưng Iphone chống sốc trong suốt hình gấu dành cho Iphone 11 / Phone 11 Pro / Iphone 11 Pro Max / Iphone 12 / Iphone 12 Pro / Iphone 12 Pro Max / Iphone 13 / Iphone 13 Pro / IPhone 13 Pro Max / Iphone 14/ Iphone 14 Pro / Iphone 14 Pro Max,43.800,https://salt.tikicdn.com/cache/280x280/ts/product/c9/85/4b/791df1b646b42cf4a9d64acdfc02cfe7.png
Cáp Sạc Dây Dù IPhone Chống Đứt 2m - ITECH - Hàng Nhập Khẩu ( Giao màu ngẫu nhiên),50.000,https://salt.tikicdn.com/cache/280x280/ts/product/94/4e/d2/0154efe22d3ce94447506a591e097c51.jpg
Ốp lưng dành cho Iphone 13 Mini - Iphone 13 - Iphone 13 Pro -  Iphone 13 Pro Max - Doremon Nền Hồng,45.000,https://salt.tikicdn.com/cache/280x280/ts/product/47/14/59/b7c9fcd5684fcc34d9ed812c167575ea.jpg
Ốp lưng Iphone chống sốc kẻ caro trái tim dành cho Iphone 11 / Phone 11 Pro / Iphone 11 Pro Max / Iphone 12 / Iphone 12 Pro / Iphone 12 Pro Max / Iphone 13 / Iphone 13 Pro / IPhone 13 Pro Max / Iphone 14/ Iphone 14 Pro / Iphone 14 Pro Max,43.200,https://salt.tikicdn.com/cache/280x280/ts/product/df/ce/20/45e38f4e5ac10f97bb5c0158862f079c.png
Cáp sạc nhanh siêu bền C to IP 20W Baseus Tungsten Gold dùng cho iPhone 12/ iP11 Series/ iPXS Max (20W, Fast Charging & Data Cable)- Hàng chính hãng,103.977,https://salt.tikicdn.com/cache/280x280/ts/product/9e/23/a5/13788995e431e0038888583fa462f940.jpg
Ốp lưng Iphone chống sốc họa tiết hoạt hình dành cho Iphone 11 / Phone 11 Pro / Iphone 11 Pro Max / Iphone 12 / Iphone 12 Pro / Iphone 12 Pro Max / Iphone 13 / Iphone 13 Pro / IPhone 13 Pro Max / Iphone 14/ Iphone 14 Pro / Iphone 14 Pro Max,72.000,https://salt.tikicdn.com/cache/280x280/ts/product/9a/1a/16/fb95dee2a412e7310c34b7e333f55ed3.jpg
Ốp lưng dành cho Iphone 12 Mini - Iphone 12 - Iphone 12 Pro - Iphone 12 Pro Max - Hoa Bướm Trắng,80.000,https://salt.tikicdn.com/cache/280x280/ts/product/86/da/fb/a2841455da9fed0729dc1431d11da11b.jpg
Bộ 2 Cáp Sạc Dành Cho iPhone RAVPower có MFI dài 0.9m&1.8m (LC010) Hàng Chính Hãng,426.000,https://salt.tikicdn.com/cache/280x280/ts/product/ca/a5/45/a7e60438e9a456e46cd85848fd99e2df.png
Cáp sạc nhanh 18W dùng cho iPhone iPhone - Baseus Cafule Data Cable Type-C to iP - Hàng nhập khẩu,119.000,https://salt.tikicdn.com/cache/280x280/ts/product/04/21/0b/9b456f53571efb856aed3bdd0e6f8530.jpg
Ốp lưng Iphone chống sốc họa tiết caro good luck dành cho Iphone 11 / Phone 11 Pro / Iphone 11 Pro Max / Iphone 12 / Iphone 12 Pro / Iphone 12 Pro Max / Iphone 13 / Iphone 13 Pro / IPhone 13 Pro Max / Iphone 14/ Iphone 14 Pro / Iphone 14 Pro Max,43.200,https://salt.tikicdn.com/cache/280x280/ts/product/d0/5c/1c/edb8d47d0301587de76cac9475f70a6f.png
Ốp lưng Iphone chống sốc hình ván cờ dành cho Iphone 11 / Phone 11 Pro / Iphone 11 Pro Max / Iphone 12 / Iphone 12 Pro / Iphone 12 Pro Max / Iphone 13 / Iphone 13 Pro / IPhone 13 Pro Max / Iphone 14/ Iphone 14 Pro / Iphone 14 Pro Max,36.000,https://salt.tikicdn.com/cache/280x280/ts/product/91/ec/47/cb1676edf2257a0b8eaa5bcc35ea16c5.png
Ốp lưng Iphone chống sốc WISH ME LUCK có đệm khí dành cho Iphone 11 / Phone 11 Pro / Iphone 11 Pro Max / Iphone 12 / Iphone 12 Pro / Iphone 12 Pro Max / Iphone 13 / Iphone 13 Pro / IPhone 13 Pro Max / Iphone 14/ Iphone 14 Pro / Iphone 14 Pro Max,36.000,https://salt.tikicdn.com/cache/280x280/ts/product/72/76/c4/923b1fb01302b248ee33a4fb91874533.png
 Dây cáp sạc nhanh dành cho Iphone ipad nhãn hiệu Baseus dài 1m/ Mã sản phẩm CALKLF-B19 - Hàng Chính Hãng,129.000,https://salt.tikicdn.com/cache/280x280/ts/product/bb/50/a6/77d7127021c2d4162fd7914a275362f8.jpg
Ốp lưng Iphone chống sốc nắp trượt họa tiết couple coffee dành cho Iphone 11 / Phone 11 Pro / Iphone 11 Pro Max / Iphone 12 / Iphone 12 Pro / Iphone 12 Pro Max / Iphone 13 / Iphone 13 Pro / IPhone 13 Pro Max / Iphone 14/ Iphone 14 Pro / Iphone 14 Pro Max,59.400,https://salt.tikicdn.com/cache/280x280/ts/product/d6/fe/b1/3b7dce5693fa87f41adf64b1958cfb3c.png
Ốp lưng Iphone chống sốc in hình dấu đáng yêu dành cho Iphone 11 / Phone 11 Pro / Iphone 11 Pro Max / Iphone 12 / Iphone 12 Pro / Iphone 12 Pro Max / Iphone 13 / Iphone 13 Pro / IPhone 13 Pro Max / Iphone 14/ Iphone 14 Pro / Iphone 14 Pro Max,54.000,https://salt.tikicdn.com/cache/280x280/ts/product/01/55/9f/596f70bba824caa0843043a7f4ffde8b.png
Cáp sạc nhanh siêu bền C to IP 20W Baseus Tungsten Gold dùng cho iPhone 12/ iP11 Series/ iPXS Max (20W, Fast Charging & Data Cable)- Hàng chính hãng,149.000,https://salt.tikicdn.com/cache/280x280/ts/product/0a/ed/84/3bc5f5af9fb796c167512d3929701de4.jpg
Ốp lưng Iphone chống sốc hình mặt gấu và hoa dành cho Iphone 11 / Phone 11 Pro / Iphone 11 Pro Max / Iphone 12 / Iphone 12 Pro / Iphone 12 Pro Max / Iphone 13 / Iphone 13 Pro / IPhone 13 Pro Max / Iphone 14/ Iphone 14 Pro / Iphone 14 Pro Max,64.800,https://salt.tikicdn.com/cache/280x280/ts/product/d1/e9/d1/61f922e9d40ede3846fc46699dacac2a.png
Ốp lưng Iphone chống sốc mềm hình hoa dành cho Iphone 11 / Phone 11 Pro / Iphone 11 Pro Max / Iphone 12 / Iphone 12 Pro / Iphone 12 Pro Max / Iphone 13 / Iphone 13 Pro / IPhone 13 Pro Max / Iphone 14/ Iphone 14 Pro / Iphone 14 Pro Max,64.800,https://salt.tikicdn.com/cache/280x280/ts/product/9f/27/8b/a35fb1058b74d4f557dd5f335ef1a1f6.png
Ốp lưng Iphone chống sốc họa tiết hoa xanh lục dành cho Iphone 11 / Phone 11 Pro / Iphone 11 Pro Max / Iphone 12 / Iphone 12 Pro / Iphone 12 Pro Max / Iphone 13 / Iphone 13 Pro / IPhone 13 Pro Max / Iphone 14/ Iphone 14 Pro / Iphone 14 Pro Max,64.800,https://salt.tikicdn.com/cache/280x280/ts/product/6f/2a/15/abea2da8e21273c6ceb77df9ae42edfc.png
Ốp lưng Iphone chống sốc họa tiết gấu cầu vồng dành cho Iphone 11 / Phone 11 Pro / Iphone 11 Pro Max / Iphone 12 / Iphone 12 Pro / Iphone 12 Pro Max / Iphone 13 / Iphone 13 Pro / IPhone 13 Pro Max / Iphone 14/ Iphone 14 Pro / Iphone 14 Pro Max,64.800,https://salt.tikicdn.com/cache/280x280/ts/product/63/9e/f3/423384dccef37651980ba3889ff2fbd5.png
Ốp lưng Iphone chống sốc gấu Brick đứng dành cho Iphone 11 / Phone 11 Pro / Iphone 11 Pro Max / Iphone 12 / Iphone 12 Pro / Iphone 12 Pro Max / Iphone 13 / Iphone 13 Pro / IPhone 13 Pro Max / Iphone 14/ Iphone 14 Pro / Iphone 14 Pro Max,43.200,https://salt.tikicdn.com/cache/280x280/ts/product/a1/ca/dc/bf4a1570e8d8fb0ae842bb0300980e0c.png
Cáp iPhone Nillkin - Hàng nhập khẩu,160.000,https://salt.tikicdn.com/cache/280x280/ts/product/a6/8c/1b/420c99b7117a97115c32be9507ec5215.jpg
Ốp lưng Iphone chống sốc mềm hình hoa Tulip dành cho Iphone 11 / Phone 11 Pro / Iphone 11 Pro Max / Iphone 12 / Iphone 12 Pro / Iphone 12 Pro Max / Iphone 13 / Iphone 13 Pro / IPhone 13 Pro Max / Iphone 14/ Iphone 14 Pro / Iphone 14 Pro Max,61.200,https://salt.tikicdn.com/cache/280x280/ts/product/72/a0/91/f4996003f2e4ab8ac9d297b778dc865d.jpg
Cáp sạc nhanh 20w Remax  sạc cho Iphone  Ipad - Hàng chính hãng,68.000,https://salt.tikicdn.com/cache/280x280/ts/product/b3/ba/01/bd827e2d55f02ec52da7948aa60048ac.jpg
Ốp lưng Iphone chống sốc hình cún hoạt họa phối túi khí dành cho Iphone 11 / Phone 11 Pro / Iphone 11 Pro Max / Iphone 12 / Iphone 12 Pro / Iphone 12 Pro Max / Iphone 13 / Iphone 13 Pro / IPhone 13 Pro Max / Iphone 14/ Iphone 14 Pro / Iphone 14 Pro Max,61.200,https://salt.tikicdn.com/cache/280x280/ts/product/c8/21/55/b55e0c168bfd22a0c42096eee573b8ea.jpeg
Ốp lưng Iphone chống sốc những chú heo ngộ nghĩnh dành cho Iphone 11 / Phone 11 Pro / Iphone 11 Pro Max / Iphone 12 / Iphone 12 Pro / Iphone 12 Pro Max / Iphone 13 / Iphone 13 Pro / IPhone 13 Pro Max / Iphone 14/ Iphone 14 Pro / Iphone 14 Pro Max,61.200,https://salt.tikicdn.com/cache/280x280/ts/product/83/4d/cc/d6c015a82c2dce6e2f81ed0b9b7282ea.png
Ốp lưng Iphone chống sốc họa tiết bánh butter dâu dành cho Iphone 11 / Phone 11 Pro / Iphone 11 Pro Max / Iphone 12 / Iphone 12 Pro / Iphone 12 Pro Max / Iphone 13 / Iphone 13 Pro / IPhone 13 Pro Max / Iphone 14/ Iphone 14 Pro / Iphone 14 Pro Max,48.600,https://salt.tikicdn.com/cache/280x280/ts/product/50/9f/00/a16af72d77b6c21d6eafbde32e30d228.jpg
Cáp Sạc Nhanh 20W Cho iPhone WEKOME WDC-167 - Tích Hợp Màn Hình Led Hiển Thị Dòng Điện - Hộp Sắt Cao Cấp - Hàng Chính Hãng,182.000,https://salt.tikicdn.com/cache/280x280/ts/product/db/bf/02/e083152d8d8b8f8338dc7141c1a82db2.jpg
Ốp lưng Iphone chống sốc Cheese Cake Yummy dành cho Iphone 11 / Phone 11 Pro / Iphone 11 Pro Max / Iphone 12 / Iphone 12 Pro / Iphone 12 Pro Max / Iphone 13 / Iphone 13 Pro / IPhone 13 Pro Max / Iphone 14/ Iphone 14 Pro / Iphone 14 Pro Max,57.600,https://salt.tikicdn.com/cache/280x280/ts/product/d2/4f/e8/f9842e16530dc631514da02c66486d17.jpg
Ốp lưng Iphone chống sốc hình hoa xanh dành cho Iphone 11 / Phone 11 Pro / Iphone 11 Pro Max / Iphone 12 / Iphone 12 Pro / Iphone 12 Pro Max / Iphone 13 / Iphone 13 Pro / IPhone 13 Pro Max / Iphone 14/ Iphone 14 Pro / Iphone 14 Pro Max,50.400,https://salt.tikicdn.com/cache/280x280/ts/product/89/ab/ba/e0bf49dc89f2d909d995782b5df3730c.png
Cáp sạc iphone Remax RC-102 C-L sạc nhanh 2.4A và dây sạc truyền dữ liệu tốc độ cao bọc dù cho iP / iPad Đen - hàng chính hãng,88.000,https://salt.tikicdn.com/cache/280x280/ts/product/78/14/a1/a9da2424b44e15f6724ff247d57ec24d.jpg
Ốp lưng Iphone chống sốc họa tiết hoa và gấu dành cho Iphone 11 / Phone 11 Pro / Iphone 11 Pro Max / Iphone 12 / Iphone 12 Pro / Iphone 12 Pro Max / Iphone 13 / Iphone 13 Pro / IPhone 13 Pro Max / Iphone 14/ Iphone 14 Pro / Iphone 14 Pro Max,46.800,https://salt.tikicdn.com/cache/280x280/ts/product/8a/b2/90/f182873431be0c980dc3af11024d19d6.png
Ốp lưng Iphone chống sốc dẻo kẻ ô trơn dành cho Iphone 11 / Phone 11 Pro / Iphone 11 Pro Max / Iphone 12 / Iphone 12 Pro / Iphone 12 Pro Max / Iphone 13 / Iphone 13 Pro / IPhone 13 Pro Max / Iphone 14/ Iphone 14 Pro / Iphone 14 Pro Max,43.200,https://salt.tikicdn.com/cache/280x280/ts/product/ca/5d/7f/2fc277efe6ec28dc2ee970c86db7ce7c.png
Ốp lưng Iphone chống sốc hình thỏ có ngăn đựng thẻ dành cho Iphone 11 / Phone 11 Pro / Iphone 11 Pro Max / Iphone 12 / Iphone 12 Pro / Iphone 12 Pro Max / Iphone 13 / Iphone 13 Pro / IPhone 13 Pro Max / Iphone 14/ Iphone 14 Pro / Iphone 14 Pro Max,54.000,https://salt.tikicdn.com/cache/280x280/ts/product/cf/6a/b3/f53aa6769cfd13b02a4041b6bdb4c2ce.png
Ốp lưng dẻo trơn bảo vệ camera dành cho Iphone 11 / Phone 11 Pro / Iphone 11 Pro Max / Iphone 12 / Iphone 12 Pro / Iphone 12 Pro Max / Iphone 13 / Iphone 13 Pro / IPhone 13 Pro Max / Iphone 14/ Iphone 14 Pro / Iphone 14 Pro Max,36.000,https://salt.tikicdn.com/cache/280x280/ts/product/1b/55/80/7e801d065759a166c3f622f240378fd8.jpg
Ốp lưng dành cho Iphone 13 Mini - Iphone 13 - Iphone 13 Pro -  Iphone 13 Pro Max - Hoa Cúc,45.000,https://salt.tikicdn.com/cache/280x280/ts/product/0b/6e/b3/1457149fd21c1ef9b00ab949563f2a03.jpg
Ốp lưng Iphone chống sốc đệm khí face me too dành cho Iphone 11 / Phone 11 Pro / Iphone 11 Pro Max / Iphone 12 / Iphone 12 Pro / Iphone 12 Pro Max / Iphone 13 / Iphone 13 Pro / IPhone 13 Pro Max / Iphone 14/ Iphone 14 Pro / Iphone 14 Pro Max,41.400,https://salt.tikicdn.com/cache/280x280/ts/product/66/42/3c/4dc62a77cb224d447bf23170adb3bb47.png
Ốp lưng Iphone chống sốc hình tiểu quái họa tiết trái tim dành cho Iphone 11 / Phone 11 Pro / Iphone 11 Pro Max / Iphone 12 / Iphone 12 Pro / Iphone 12 Pro Max / Iphone 13 / Iphone 13 Pro / IPhone 13 Pro Max / Iphone 14/ Iphone 14 Pro / Iphone 14 Pro Max,64.800,https://salt.tikicdn.com/cache/280x280/ts/product/92/f4/25/6d6999ae78ca80e9ee393fc9d85ec46b.jpg
Cáp Sạc nhanh 20W tự ngắt Gen2 có đèn led báo Baseus Explorer Series cho iPhone1312,11.....8plus/ iPad (Type C to IP Auto Power-Off, PD 20W Fast Charging Data Cable )- Hàng chính hãng,184.000,https://salt.tikicdn.com/cache/280x280/ts/product/06/9f/83/719b8c743aaf940e69067729da354698.jpg
Ốp lưng Iphone chống sốc tráng gương họa tiết hoa dành cho Iphone 11 / Phone 11 Pro / Iphone 11 Pro Max / Iphone 12 / Iphone 12 Pro / Iphone 12 Pro Max / Iphone 13 / Iphone 13 Pro / IPhone 13 Pro Max / Iphone 14/ Iphone 14 Pro / Iphone 14 Pro Max,72.000,https://salt.tikicdn.com/cache/280x280/ts/product/9c/17/f2/fb6c9859c8b010922e7b0b2285825cce.png
Ốp lưng Iphone chống sốc tai mèo viền sóng màu macaron dành cho Iphone 11 / Phone 11 Pro / Iphone 11 Pro Max / Iphone 12 / Iphone 12 Pro / Iphone 12 Pro Max / Iphone 13 / Iphone 13 Pro / IPhone 13 Pro Max / Iphone 14/ Iphone 14 Pro / Iphone 14 Pro Max - 1,54.000,https://salt.tikicdn.com/cache/280x280/ts/product/75/54/a8/8d20b79a58ed4cd06290d90088d60955.jpg
Cáp Sạc Nhanh 20W Dành Cho iPhone Remax RC-171 Chuẩn TypeC to IP, Sử Dụng Chip E-marker, Chống Sạc Quá Tải, Chống Gãy Cáp - Hàng Chính Hãng Remax,199.000,https://salt.tikicdn.com/cache/280x280/ts/product/4f/1c/e6/047c99dbc64def527e8e231d9b9e661b.jpg
Ốp lưng Iphone chống sốc hình gấu trắng dành cho Iphone 11 / Phone 11 Pro / Iphone 11 Pro Max / Iphone 12 / Iphone 12 Pro / Iphone 12 Pro Max / Iphone 13 / Iphone 13 Pro / IPhone 13 Pro Max / Iphone 14/ Iphone 14 Pro / Iphone 14 Pro Max,64.800,https://salt.tikicdn.com/cache/280x280/ts/product/5b/f8/61/d3f38ca042931015b369bf1d44a1246d.png
Ốp lưng Iphone chống sốc viền gợn sóng bảo vệ điện thoại dành cho Iphone 11 / Phone 11 Pro / Iphone 11 Pro Max / Iphone 12 / Iphone 12 Pro / Iphone 12 Pro Max / Iphone 13 / Iphone 13 Pro / IPhone 13 Pro Max / Iphone 14/ Iphone 14 Pro / Iphone 14 Pro Max,57.600,https://salt.tikicdn.com/cache/280x280/ts/product/5e/03/c1/f81813c16fecef15bd00c4c9e55ccd08.jpg
Ốp lưng Iphone chống sốc họa tiết Lovely Bear dành cho Iphone 11 / Phone 11 Pro / Iphone 11 Pro Max / Iphone 12 / Iphone 12 Pro / Iphone 12 Pro Max / Iphone 13 / Iphone 13 Pro / IPhone 13 Pro Max / Iphone 14/ Iphone 14 Pro / Iphone 14 Pro Max,36.000,https://salt.tikicdn.com/cache/280x280/ts/product/a8/9b/d5/e1101ada1a5606d88d31f10947039da6.png
Ốp lưng dành cho Iphone 13 Mini - Iphone 13 - Iphone 13 Pro -  Iphone 13 Pro Max - Tem Paris,45.000,https://salt.tikicdn.com/cache/280x280/ts/product/eb/e4/e1/510dba1581b05277dcea804368452fe7.jpg
Ốp lưng Iphone chống sốc viền camera đính gà bóp cute dành cho Iphone 11 / Phone 11 Pro / Iphone 11 Pro Max / Iphone 12 / Iphone 12 Pro / Iphone 12 Pro Max / Iphone 13 / Iphone 13 Pro / IPhone 13 Pro Max / Iphone 14/ Iphone 14 Pro / Iphone 14 Pro Max,57.600,https://salt.tikicdn.com/cache/280x280/ts/product/2d/33/cc/494ee46399c356aadcfc38b6922953e8.jpg
Cáp sạc iPhone và TypeC HOCO U76 dây dù chống đứt - Hàng chính hãng,99.000,https://salt.tikicdn.com/cache/280x280/ts/product/5b/fd/71/5a1f5ec39228dc6ed49eeafea35ca123.jpg
Cáp sạc PISEN dành cho iPhone ZY QUICK - PD (C to L ) 20W ZY-CL-PD01-1200 - Hàng chính hãng,183.080,https://salt.tikicdn.com/cache/280x280/ts/product/29/7a/aa/00832e84879c3fc731acfad07ec5d32c.jpg
Ốp lưng Iphone chống sốc mềm tai mèo họa tiết dễ thương dành cho Iphone 11 / Phone 11 Pro / Iphone 11 Pro Max / Iphone 12 / Iphone 12 Pro / Iphone 12 Pro Max / Iphone 13 / Iphone 13 Pro / IPhone 13 Pro Max / Iphone 14/ Iphone 14 Pro / Iphone 14 Pro Max,59.400,https://salt.tikicdn.com/cache/280x280/ts/product/b9/ed/1d/58b2a72a2ce3f2183156ed08849c83b1.png
Ốp lưng Iphone chống sốc silicon trong suốt hình trái tim dành cho Iphone 11 / Phone 11 Pro / Iphone 11 Pro Max / Iphone 12 / Iphone 12 Pro / Iphone 12 Pro Max / Iphone 13 / Iphone 13 Pro / IPhone 13 Pro Max / Iphone 14/ Iphone 14 Pro / Iphone 14 Pro Max,46.800,https://salt.tikicdn.com/cache/280x280/ts/product/65/84/19/fee806bec2da0590a85def544a36d81e.png
Ốp lưng dành cho Iphone 13 Mini - Iphone 13 - Iphone 13 Pro -  Iphone 13 Pro Max - LOVE,45.000,https://salt.tikicdn.com/cache/280x280/ts/product/01/01/0b/134dbf77fcb63bc0ea62fb9d5d1efbe8.jpg
Ốp lưng Iphone chống sốc có gương hình gấu nhỏ đáng yêu dành cho Iphone 11 / Phone 11 Pro / Iphone 11 Pro Max / Iphone 12 / Iphone 12 Pro / Iphone 12 Pro Max / Iphone 13 / Iphone 13 Pro / IPhone 13 Pro Max / Iphone 14/ Iphone 14 Pro / Iphone 14 Pro Max,71.400,https://salt.tikicdn.com/cache/280x280/ts/product/9b/c2/0d/6b1ed2f344fddc1f6c56d1ef2519c97c.png
Cáp sạc dùng được cho các dòng Ipad 1/2/3/4  iphone 4/iPhone 4s ,32.800,https://salt.tikicdn.com/cache/280x280/ts/product/d6/30/95/3a585bab5b088c3a93f11c1bdb167e85.jpg
Ốp lưng Iphone chống sốc dẻo hình hoa Tulip đen dành cho Iphone 11 / Phone 11 Pro / Iphone 11 Pro Max / Iphone 12 / Iphone 12 Pro / Iphone 12 Pro Max / Iphone 13 / Iphone 13 Pro / IPhone 13 Pro Max / Iphone 14/ Iphone 14 Pro / Iphone 14 Pro Max,60.000,https://salt.tikicdn.com/cache/280x280/ts/product/39/fd/2f/ab29f6cb7383857db276586bfe60ad26.jpg
Cáp sạc cáp kết nối dữ liệu iPhone, iPad chính hãng Baseus Kevlar 1m bọc dù (màu ngẫu nhiên),142.500,https://salt.tikicdn.com/cache/280x280/ts/product/ef/34/bd/e6cd3caabeada072cd1a23d51f93b317.png
Cáp sạc nhanh PD20W Baseus dây tròn kết nối Type-C sang iPhone dài 100CM - Hàng chính hãng,90.499,https://salt.tikicdn.com/cache/280x280/ts/product/00/3b/1f/d13fcb706d51670dfeef1fbbfddb8ec3.jpg
Dây cáp sạc MFI sạc nhanh 30W chuẩn PD 3.0 Type-C / USB C to đầu sạc cho iPhone / iPad hiệu CHOETECH IP0040 dài 120cm - hàng chính hãng,249.000,https://salt.tikicdn.com/cache/280x280/ts/product/38/64/97/8a5aaee8cced3e45388fc201f8ae3c7d.jpg
Cáp sạc iphone Hoco U55 sạc nhanh chống đứt hàng chính hãng ,99.000,https://salt.tikicdn.com/cache/280x280/ts/product/17/2e/79/38a759d4060dc2e217370a5ab2a0ca41.jpg
Dây Cáp USB-C to Lightning Chuẩn MFi Cho iPhone Hỗ Trợ Sạc Nhanh Power Delivery Mophie 1.8m - Hàng Chính Hãng,292.000,https://salt.tikicdn.com/cache/280x280/ts/product/07/17/24/47d37d2890e7058fcb1ffc370bd64da5.jpg
Cáp Sạc IPhone 4/4S IPad 1/2/3 Lecun NY-10 1000mm - Hàng Nhập Khẩu,50.000,https://salt.tikicdn.com/cache/280x280/ts/product/3b/8e/7f/68ec715c64ca4e7081426457e47a752d.png
Cáp sạc 7 chip hỗ trợ sạc nhanh cho iPhone 5/ 6/ 7/ 8/ X (2m) - Hàng Nhập Khẩu,299.000,https://salt.tikicdn.com/cache/280x280/ts/product/55/36/6c/fd105864c070ee69b58d2f5714b7de94.jpg
Cáp sạc iphone Remax RC-102 C-L sạc nhanh 2.4A và dây sạc truyền dữ liệu tốc độ cao bọc dù cho iP / iPad Xám - hàng chính hãng,99.000,https://salt.tikicdn.com/cache/280x280/ts/product/7f/b0/9f/fcbf6c1b4abe208a87aaa6e9a8b0b9d1.jpg
Ốp lưng Iphone chống sốc hoạ tiết Happy Cute dành cho Iphone 11 / Phone 11 Pro / Iphone 11 Pro Max / Iphone 12 / Iphone 12 Pro / Iphone 12 Pro Max / Iphone 13 / Iphone 13 Pro / IPhone 13 Pro Max / Iphone 14/ Iphone 14 Pro / Iphone 14 Pro Max,72.000,https://salt.tikicdn.com/cache/280x280/ts/product/01/12/66/2af4546b1a64a3292f223e9cb82b91a1.png
Ốp lưng dành cho Iphone 13 Mini - Iphone 13 - Iphone 13 Pro -  Iphone 13 Pro Max - Hoa Bướm,55.000,https://salt.tikicdn.com/cache/280x280/ts/product/66/c5/f1/161f842cc520532d2551f0bf58639756.jpg
Cáp sạc cho iPhone 2.4A Baseus Dynamic Series CALKLF-CV1 - Hàng chính hãng,85.025,https://salt.tikicdn.com/cache/280x280/ts/product/4b/34/19/10ae45e526fa660fb82549c4e3e4c1b4.jpg
Cáp sạc nhanh Type C to IP 20W Baseus High Density Braided dùng cho iPhone 12/11/XS Max Series- Hàng nhập khẩu,159.000,https://salt.tikicdn.com/cache/280x280/ts/product/45/68/6f/361d7069d2c990c6e6aa3cff2a3d0815.jpg
Ốp lưng Iphone chống sốc caro in hình gấu dành cho Iphone 11 / Phone 11 Pro / Iphone 11 Pro Max / Iphone 12 / Iphone 12 Pro / Iphone 12 Pro Max / Iphone 13 / Iphone 13 Pro / IPhone 13 Pro Max / Iphone 14/ Iphone 14 Pro / Iphone 14 Pro Max,36.000,https://salt.tikicdn.com/cache/280x280/ts/product/3f/3d/96/2bd65e3394e2a0fce94c8e3a3401326c.png
Ốp lưng Iphone chống sốc in hình hoa cúc dành cho Iphone 11 / Phone 11 Pro / Iphone 11 Pro Max / Iphone 12 / Iphone 12 Pro / Iphone 12 Pro Max / Iphone 13 / Iphone 13 Pro / IPhone 13 Pro Max / Iphone 14/ Iphone 14 Pro / Iphone 14 Pro Max,72.000,https://salt.tikicdn.com/cache/280x280/ts/product/f4/ee/f9/def3e3ff9521f66f8959a45a47a3dfae.png
Cáp chuyển iphone ipad to HDMI dài 2M,250.000,https://salt.tikicdn.com/cache/280x280/ts/product/20/57/53/c50187eaab330b0cf3fae6b6f90d6fb9.png
Ốp lưng dẻo màu trơn dành cho Iphone 11 / Phone 11 Pro / Iphone 11 Pro Max / Iphone 12 / Iphone 12 Pro / Iphone 12 Pro Max / Iphone 13 / Iphone 13 Pro / IPhone 13 Pro Max / Iphone 14/ Iphone 14 Pro / Iphone 14 Pro Max,36.000,https://salt.tikicdn.com/cache/280x280/ts/product/94/30/2a/52375b7745cc03a8b86e669d06935d7a.jpg
Cáp sạc Hoco X1 dây tròn siêu bền truyền dữ liệu nhanh chóng cho iPhone/iPad ( 3 size ) - Hàng chính hãng,46.000,https://salt.tikicdn.com/cache/280x280/ts/product/0c/7e/79/4ff3d639e7ac016b6d810636efaead2f.jpg
Sạc cho Iphone Japan 60cm Dáng Rút + Tặng Hồng Trà Sữa (Cafe) Maccaca 20g,52.800,https://salt.tikicdn.com/cache/280x280/ts/product/5f/ee/5d/2ea8ff437e487d46cde21d36b753814e.jpg
Cáp LN Mophie 9cm - chống rối - đạt chứng nhận MFI từ Apple dành cho iPhone - Hàng chính hãng,359.000,https://salt.tikicdn.com/cache/280x280/ts/product/61/2c/0f/3babd84e778fed8da90ba17c2c2dd854.png
Ốp lưng dành cho Iphone 14 - Iphone 14 Plus - Iphone 14 Pro - Iphone 14 Pro Max - Hoa Hồng Hoa Văn,42.000,https://salt.tikicdn.com/cache/280x280/ts/product/2b/5d/cd/52219a581edc465df20f333d2b67f163.jpg
Cáp sạc và truyền dữ liệu tốc độ cao Baseus Horizontal Data  cho iPhone/ iPad -Hàng Chính Hãng,89.000,https://salt.tikicdn.com/cache/280x280/ts/product/85/f9/c3/027fc1a2119b59700b6bc71b9beb0fc2.jpg
Ốp lưng Iphone chống sốc in hình vịt hoạt hình dành cho Iphone 11 / Phone 11 Pro / Iphone 11 Pro Max / Iphone 12 / Iphone 12 Pro / Iphone 12 Pro Max / Iphone 13 / Iphone 13 Pro / IPhone 13 Pro Max / Iphone 14/ Iphone 14 Pro / Iphone 14 Pro Max,65.400,https://salt.tikicdn.com/cache/280x280/ts/product/0e/fe/86/9b836854c45a09ea552204be0798f017.png
Ốp lưng chống bẩn KST DESIGN cho iPhone 11 iPhone 11 Pro, iPhone 11 Pro Max, iPhone X/XS, iPhone Xr, iPhone XS Max,66.000,https://salt.tikicdn.com/cache/280x280/ts/product/40/d6/d9/8bc3d7205e332d3ff8e099cbac14d77f.jpg
Cáp sạc Baseus Fish Eye chuẩn Type C to iPhone sạc nhanh PD 18W cho iPhone 11 / 11 Pro / Pro Max / Xr / XS Max - Hàng chính hãng,158.000,https://salt.tikicdn.com/cache/280x280/ts/product/31/a3/3d/15d791d16eb86e218a8a4f5041c4a30d.jpg
Bộ Củ Cáp Sạc IPHONE WiWU 20W FC103 - Hàng Chính Hãng,350.000,https://salt.tikicdn.com/cache/280x280/ts/product/5a/c0/52/82da28fa14eeea8e13e4119e34ea6168.png
Ốp lưng dành cho Iphone 15 - Iphone 15 Plus - Iphone 15 Pro - Iphone 15 Pro Max - Be Happy,40.000,https://salt.tikicdn.com/cache/280x280/ts/product/10/6d/9c/a103a200a38897affcfa3d72c9674bec.jpg
Cáp sạc cổng dành cho (Iphone) tự ngắt có đồng hồ hiển thị chính hãng Baseus,104.300,https://salt.tikicdn.com/cache/280x280/ts/product/1e/bb/16/3e58b580253ea66d2eeb57a54ad64f51.jpg
Ốp lưng dẻo trong suốt dành cho Iphone 11 / Phone 11 Pro / Iphone 11 Pro Max / Iphone 12 / Iphone 12 Pro / Iphone 12 Pro Max / Iphone 13 / Iphone 13 Pro / IPhone 13 Pro Max / Iphone 14/ Iphone 14 Pro / Iphone 14 Pro Max,24.000,https://salt.tikicdn.com/cache/280x280/ts/product/38/15/65/3d5f7af0a5cd099750456b9d72fb4346.jpg
Dây cáp sạc nhanh cho iPhone 5 / 5s / 5se 6 / 6s, 6 / 6s Plus, 7 / 8 / SE, 7 / 8 Plus, X / Xs, Xr, Xs Max, 11 / 12 / 13 / 14, 12 / 13 mini, 14 Plus, 11 / 12 / 13 / 14 Pro, 11 / 12 / 13 / 14 Pro Max chất lượng cao,38.000,https://salt.tikicdn.com/cache/280x280/ts/product/1f/84/5c/e71ab17a61a2c8348386f5bd44e2349d.jpg
Ốp lưng dành cho Iphone 13 Mini - Iphone 13 - Iphone 13 Pro -  Iphone 13 Pro Max - Cổng Trời,45.000,https://salt.tikicdn.com/cache/280x280/ts/product/0d/08/08/3d23c3adde11d33ede7fda2f01b77a5a.jpg
Ốp lưng dành cho iPhone 5 iPhone 5S, iPhone SE mẫu Vật lý,41.299,https://salt.tikicdn.com/cache/280x280/ts/product/c0/91/02/4323da10117aab10de115e837bbdfa28.jpg
Ốp lưng dành cho Iphone 12 Mini - Iphone 12 - Iphone 12 Pro - Iphone 12 Pro Max - Mẫu Cha Mẹ,80.000,https://salt.tikicdn.com/cache/280x280/ts/product/a0/d6/0e/e86aa0b24e07402be517762a1c578045.jpg
Ốp lưng dành cho Iphone 13 Mini - Iphone 13 - Iphone 13 Pro -  Iphone 13 Pro Max - Shiba Vũ Trụ,45.000,https://salt.tikicdn.com/cache/280x280/ts/product/99/ab/84/6ecf06d093a5f658cd46644c263c799c.jpg
Ốp lưng dành cho Iphone 13 Mini - Iphone 13 - Iphone 13 Pro -  Iphone 13 Pro Max - Vô Thường 1,45.000,https://salt.tikicdn.com/cache/280x280/ts/product/10/8f/b6/afe2be645eda2475e737353e6dda3f8f.jpg
Cáp Sạc Nhanh Iphone Remax Rc-016i - Hàng nhập khẩu,94.000,https://salt.tikicdn.com/cache/280x280/ts/product/09/ad/4f/1d88a11fa13d909871379a480615fd22.jpg
Ốp lưng Iphone chống sốc hoạ tiết trái cây dành cho Iphone 11 / Phone 11 Pro / Iphone 11 Pro Max / Iphone 12 / Iphone 12 Pro / Iphone 12 Pro Max / Iphone 13 / Iphone 13 Pro / IPhone 13 Pro Max / Iphone 14/ Iphone 14 Pro / Iphone 14 Pro Max,61.200,https://salt.tikicdn.com/cache/280x280/ts/product/21/40/49/21c5790e5f67a17abcd04b3b99f76d95.jpeg
Comica CVM-D-SPX (MI) - Cáp Nối Transmitter Cho Điện Thoại Iphone Cáp Dài 45cm, Chuẩn MFI Apple - Hàng Chính Hãng,660.000,https://salt.tikicdn.com/cache/280x280/ts/product/d2/12/54/203052a8a955f0b59e24033874e87412.jpg
Cáp Hoco  UP301 - Cho iPhone 4/4s - Hàng chính hãng,49.000,https://salt.tikicdn.com/cache/280x280/media/catalog/product/5/1/51xxk8difll._sl1000_.jpg
Cáp dành cho IPhone ELECOM MPA-FUAL - Hàng chính hãng,319.000,https://salt.tikicdn.com/cache/280x280/ts/product/ac/78/e1/a84deb3c5a8d3aecf142dcdf9ea93fd3.jpg
Cáp Sạc PowerLine iPhone Lightnig - Dài 1m - L135Q,99.000,https://salt.tikicdn.com/cache/280x280/ts/product/88/2a/d3/319e15c33ccdfb5973aa59ef1339adc6.jpg
Ốp lưng dành cho Iphone 13 Mini - Iphone 13 - Iphone 13 Pro -  Iphone 13 Pro Max - Cọng Tai Nghe,45.000,https://salt.tikicdn.com/cache/280x280/ts/product/33/5d/62/2cf3f47c04483813591e4f000d695f8c.jpg
Dây cáp sạc nhanh 222 hàng chính hãng WINLINK dành cho Iphone,68.000,https://salt.tikicdn.com/cache/280x280/ts/product/b0/3f/fb/777b82851f42dcad27e6a10ff0e0fa4c.jpg
Cáp sạc 2.4A Baseus C-shaped tích hợp đèn Led  tự ngắt khi pin đầy cho iPhone/iPad dài 100CM ( nhiều màu ) - Hàng chính hãng,95.000,https://salt.tikicdn.com/cache/280x280/ts/product/5c/fc/da/0f582b11e9fd9c410f51dcace12db51e.jpg
Dây sạc cho iphone dáng rút tiện lợi,66.000,https://salt.tikicdn.com/cache/280x280/ts/product/7a/50/89/8ee0b1116e1a205139673bd9232227e9.jpg
